domain,a14_feature_id,a14_name,a14_pref_keys,a13_feature_id,a13_pref_keys,node_type,parity_state,source_relationship,mechanical_discovery,semantically_verified,risk,priority,phase_e_batch,dynamic_island_excluded,process,host_package,classloader,A14_reference,A13_current_state,API33_design_direction,test_strategy,ROM_evidence_needed,evidence
controls,A14_UI_controls_backlong,Back long press action,controls_backlong,A13_UI_controls_backlong,controls_backlong,ACTIONABLE_FEATURE,INSUFFICIENT_EVIDENCE,INSUFFICIENT_EVIDENCE,YES,NO,MEDIUM,P1,E4,NO,UNKNOWN_DISCOVERY,UNKNOWN_DISCOVERY,UNKNOWN_DISCOVERY,UI+featureSpec,KEY_MATCH,Phase E detailed design required,Preference+installer behavioral tests,NO,MECHANICAL_DISCOVERY:key match only
controls,FingerprintHapticFailureFeatureId,Fingerprint Haptic Failure,controls_fingerprintfailure,A13_UI_controls_fingerprintfailure,controls_fingerprintfailure,ACTIONABLE_FEATURE,PRESENT_A13_VARIANT,UPSTREAM_INTENT_EQUIVALENT,YES,YES,LOW,P2,E4,NO,UNKNOWN_DISCOVERY,SYSTEM_SERVER,UNKNOWN_DISCOVERY,UI+featureSpec,KEY_MATCH,Phase E detailed design required,Preference+installer behavioral tests,NO,SEMANTICALLY_VERIFIED:shared ui key + a14/a13 implementation reads + same node family
controls,FingerprintScreenOnFeatureId,Fingerprint Screen On,controls_fingerprintscreen,A13_UI_controls_fingerprintscreen,controls_fingerprintscreen,ACTIONABLE_FEATURE,PRESENT_A13_VARIANT,UPSTREAM_INTENT_EQUIVALENT,YES,YES,LOW,P2,E4,NO,UNKNOWN_DISCOVERY,SYSTEM_SERVER,UNKNOWN_DISCOVERY,UI+featureSpec,KEY_MATCH,Phase E detailed design required,Preference+installer behavioral tests,NO,SEMANTICALLY_VERIFIED:shared ui key + a14/a13 implementation reads + same node family
controls,FingerprintHapticSuccessFeatureId,Fingerprint Haptic Success,controls_fingerprintsuccess,A13_UI_controls_fingerprintsuccess,controls_fingerprintsuccess,SUBOPTION,PRESENT_A13_VARIANT,UPSTREAM_INTENT_EQUIVALENT,YES,YES,LOW,P2,E4,NO,UNKNOWN_DISCOVERY,SYSTEM_SERVER,UNKNOWN_DISCOVERY,UI+featureSpec,KEY_MATCH,Phase E detailed design required,Preference+installer behavioral tests,NO,SEMANTICALLY_VERIFIED:shared ui key + a14/a13 implementation reads + same node family
controls,NoFingerprintWakeFeatureId,No Fingerprint Wake,controls_fingerprintwake,A13_UI_controls_fingerprintwake,controls_fingerprintwake,ACTIONABLE_FEATURE,PRESENT_A13_VARIANT,UPSTREAM_INTENT_EQUIVALENT,YES,YES,LOW,P2,E4,NO,UNKNOWN_DISCOVERY,SYSTEM_SERVER,UNKNOWN_DISCOVERY,UI+featureSpec,KEY_MATCH,Phase E detailed design required,Preference+installer behavioral tests,NO,SEMANTICALLY_VERIFIED:shared ui key + a14/a13 implementation reads + same node family
controls,A14_UI_controls_fsg_assist_left,Left corner swipe action,controls_fsg_assist_left,A13_UI_controls_fsg_assist_left,controls_fsg_assist_left,ACTIONABLE_FEATURE,INSUFFICIENT_EVIDENCE,INSUFFICIENT_EVIDENCE,YES,NO,MEDIUM,P1,E4,NO,UNKNOWN_DISCOVERY,UNKNOWN_DISCOVERY,UNKNOWN_DISCOVERY,UI+featureSpec,KEY_MATCH,Phase E detailed design required,Preference+installer behavioral tests,NO,MECHANICAL_DISCOVERY:key match only
controls,A14_UI_controls_fsg_assist_right,Right corner swipe action,controls_fsg_assist_right,A13_UI_controls_fsg_assist_right,controls_fsg_assist_right,ACTIONABLE_FEATURE,INSUFFICIENT_EVIDENCE,INSUFFICIENT_EVIDENCE,YES,NO,MEDIUM,P1,E4,NO,UNKNOWN_DISCOVERY,UNKNOWN_DISCOVERY,UNKNOWN_DISCOVERY,UI+featureSpec,KEY_MATCH,Phase E detailed design required,Preference+installer behavioral tests,NO,MECHANICAL_DISCOVERY:key match only
controls,LauncherBackGestureAreaHeightFeatureId,Launcher Back Gesture Area Height,controls_fsg_coverage,A13_UI_controls_fsg_coverage,controls_fsg_coverage,SUBOPTION,PRESENT_A13_VARIANT,UPSTREAM_INTENT_EQUIVALENT,YES,YES,LOW,P2,E4,NO,UNKNOWN_DISCOVERY,LAUNCHER,UNKNOWN_DISCOVERY,UI+featureSpec,KEY_MATCH,Phase E detailed design required,Preference+installer behavioral tests,NO,SEMANTICALLY_VERIFIED:shared ui key + a14/a13 implementation reads + same node family
controls,LauncherFsgesturesFeatureId,Launcher Fsgestures,controls_fsg_horiz,A13_UI_controls_fsg_horiz,controls_fsg_horiz,ACTIONABLE_FEATURE,PRESENT_A13_VARIANT,UPSTREAM_INTENT_EQUIVALENT,YES,YES,LOW,P2,E4,NO,UNKNOWN_DISCOVERY,LAUNCHER,UNKNOWN_DISCOVERY,UI+featureSpec,KEY_MATCH,Phase E detailed design required,Preference+installer behavioral tests,NO,SEMANTICALLY_VERIFIED:shared ui key + a14/a13 implementation reads + same node family
controls,A14_UI_controls_fsg_swipeandstop,Swipe across the screen starting from the edge and stop action,controls_fsg_swipeandstop,A13_UI_controls_fsg_swipeandstop,controls_fsg_swipeandstop,ACTIONABLE_FEATURE,INSUFFICIENT_EVIDENCE,INSUFFICIENT_EVIDENCE,YES,NO,MEDIUM,P1,E4,NO,UNKNOWN_DISCOVERY,UNKNOWN_DISCOVERY,UNKNOWN_DISCOVERY,UI+featureSpec,KEY_MATCH,Phase E detailed design required,Preference+installer behavioral tests,NO,MECHANICAL_DISCOVERY:key match only
controls,A14_UI_controls_fsg_swipeandstop_disablevibrate,Do not vibrate,controls_fsg_swipeandstop_disablevibrate,A13_UI_controls_fsg_swipeandstop_disablevibrate,controls_fsg_swipeandstop_disablevibrate,ACTIONABLE_FEATURE,INSUFFICIENT_EVIDENCE,INSUFFICIENT_EVIDENCE,YES,NO,MEDIUM,P1,E4,NO,UNKNOWN_DISCOVERY,UNKNOWN_DISCOVERY,UNKNOWN_DISCOVERY,UI+featureSpec,KEY_MATCH,Phase E detailed design required,Preference+installer behavioral tests,NO,MECHANICAL_DISCOVERY:key match only
controls,LauncherBackGestureAreaWidthFeatureId,Launcher Back Gesture Area Width,controls_fsg_width,A13_UI_controls_fsg_width,controls_fsg_width,SUBOPTION,PRESENT_A13_VARIANT,UPSTREAM_INTENT_EQUIVALENT,YES,YES,LOW,P2,E4,NO,UNKNOWN_DISCOVERY,LAUNCHER,UNKNOWN_DISCOVERY,UI+featureSpec,KEY_MATCH,Phase E detailed design required,Preference+installer behavioral tests,NO,SEMANTICALLY_VERIFIED:shared ui key + a14/a13 implementation reads + same node family
controls,HideImeDismissButtonFeatureId,Hide IME Dismiss Button,controls_hide_ime_dismiss_button,,,ACTIONABLE_FEATURE,MISSING_IN_A13,A14_NEW_FEATURE,YES,NO,HIGH,P1,E4,NO,UNKNOWN_DISCOVERY,SYSTEM_UI,UNKNOWN_DISCOVERY,UI+featureSpec,NO_KEY,Phase E detailed design required,Preference+installer behavioral tests,NO,No A13 UI/schema key
controls,HideNavBarBeforeScreenshotFeatureId,Hide Nav Bar Before Screenshot,controls_hidenavbar_whenscreenshot,A13_UI_controls_hidenavbar_whenscreenshot,controls_hidenavbar_whenscreenshot,ACTIONABLE_FEATURE,PRESENT_A13_VARIANT,UPSTREAM_INTENT_EQUIVALENT,YES,YES,LOW,P2,E4,NO,UNKNOWN_DISCOVERY,SYSTEM_UI,UNKNOWN_DISCOVERY,UI+featureSpec,KEY_MATCH,Phase E detailed design required,Preference+installer behavioral tests,NO,SEMANTICALLY_VERIFIED:shared ui key + a14/a13 implementation reads + same node family
controls,A14_UI_controls_homelong,Home long press action,controls_homelong,A13_UI_controls_homelong,controls_homelong,ACTIONABLE_FEATURE,INSUFFICIENT_EVIDENCE,INSUFFICIENT_EVIDENCE,YES,NO,MEDIUM,P1,E4,NO,UNKNOWN_DISCOVERY,UNKNOWN_DISCOVERY,UNKNOWN_DISCOVERY,UI+featureSpec,KEY_MATCH,Phase E detailed design required,Preference+installer behavioral tests,NO,MECHANICAL_DISCOVERY:key match only
controls,A14_UI_controls_menulong,Menu long press action,controls_menulong,A13_UI_controls_menulong,controls_menulong,ACTIONABLE_FEATURE,INSUFFICIENT_EVIDENCE,INSUFFICIENT_EVIDENCE,YES,NO,MEDIUM,P1,E4,NO,UNKNOWN_DISCOVERY,UNKNOWN_DISCOVERY,UNKNOWN_DISCOVERY,UI+featureSpec,KEY_MATCH,Phase E detailed design required,Preference+installer behavioral tests,NO,MECHANICAL_DISCOVERY:key match only
controls,A14_UI_controls_navbarleft,Left button action,controls_navbarleft,A13_UI_controls_navbarleft,controls_navbarleft,ACTIONABLE_FEATURE,INSUFFICIENT_EVIDENCE,INSUFFICIENT_EVIDENCE,YES,NO,MEDIUM,P1,E4,NO,UNKNOWN_DISCOVERY,UNKNOWN_DISCOVERY,UNKNOWN_DISCOVERY,UI+featureSpec,KEY_MATCH,Phase E detailed design required,Preference+installer behavioral tests,NO,MECHANICAL_DISCOVERY:key match only
controls,A14_UI_controls_navbarleftlong,Left button long press action,controls_navbarleftlong,A13_UI_controls_navbarleftlong,controls_navbarleftlong,ACTIONABLE_FEATURE,INSUFFICIENT_EVIDENCE,INSUFFICIENT_EVIDENCE,YES,NO,MEDIUM,P1,E4,NO,UNKNOWN_DISCOVERY,UNKNOWN_DISCOVERY,UNKNOWN_DISCOVERY,UI+featureSpec,KEY_MATCH,Phase E detailed design required,Preference+installer behavioral tests,NO,MECHANICAL_DISCOVERY:key match only
controls,A14_UI_controls_navbarmargin,Additional margin,controls_navbarmargin,A13_UI_controls_navbarmargin,controls_navbarmargin,SUBOPTION,PRESENT_A13_VARIANT,UPSTREAM_INTENT_EQUIVALENT,YES,YES,LOW,P2,E4,NO,UNKNOWN_DISCOVERY,UNKNOWN_DISCOVERY,UNKNOWN_DISCOVERY,UI+featureSpec,KEY_MATCH,Phase E detailed design required,Preference+installer behavioral tests,NO,SEMANTICALLY_VERIFIED:shared ui key + a14/a13 implementation reads + same node family
controls,A14_UI_controls_navbarright,Right button action,controls_navbarright,A13_UI_controls_navbarright,controls_navbarright,ACTIONABLE_FEATURE,INSUFFICIENT_EVIDENCE,INSUFFICIENT_EVIDENCE,YES,NO,MEDIUM,P1,E4,NO,UNKNOWN_DISCOVERY,UNKNOWN_DISCOVERY,UNKNOWN_DISCOVERY,UI+featureSpec,KEY_MATCH,Phase E detailed design required,Preference+installer behavioral tests,NO,MECHANICAL_DISCOVERY:key match only
controls,A14_UI_controls_navbarrightlong,Right button long press action,controls_navbarrightlong,A13_UI_controls_navbarrightlong,controls_navbarrightlong,ACTIONABLE_FEATURE,INSUFFICIENT_EVIDENCE,INSUFFICIENT_EVIDENCE,YES,NO,MEDIUM,P1,E4,NO,UNKNOWN_DISCOVERY,UNKNOWN_DISCOVERY,UNKNOWN_DISCOVERY,UI+featureSpec,KEY_MATCH,Phase E detailed design required,Preference+installer behavioral tests,NO,MECHANICAL_DISCOVERY:key match only
controls,HideNavBarFeatureId,Hide Nav Bar,controls_nonavbar,A13_UI_controls_nonavbar,controls_nonavbar,ACTIONABLE_FEATURE,PRESENT_A13_VARIANT,UPSTREAM_INTENT_EQUIVALENT,YES,YES,LOW,P2,E4,NO,UNKNOWN_DISCOVERY,SYSTEM_UI,UNKNOWN_DISCOVERY,UI+featureSpec,KEY_MATCH,Phase E detailed design required,Preference+installer behavioral tests,NO,SEMANTICALLY_VERIFIED:shared ui key + a14/a13 implementation reads + same node family
controls,InputMethodFixBottomMarginFeatureId,Input Method Fix Bottom Margin,controls_nonavbar_fix_inputmethod,A13_UI_controls_nonavbar_fix_inputmethod,controls_nonavbar_fix_inputmethod,ACTIONABLE_FEATURE,PRESENT_A13_VARIANT,UPSTREAM_INTENT_EQUIVALENT,YES,YES,LOW,P2,E4,NO,UNKNOWN_DISCOVERY,ANY,UNKNOWN_DISCOVERY,UI+featureSpec,KEY_MATCH,Phase E detailed design required,Preference+installer behavioral tests,NO,SEMANTICALLY_VERIFIED:shared ui key + a14/a13 implementation reads + same node family
controls,A14_UI_controls_powerdt,Double tap action,controls_powerdt,A13_UI_controls_powerdt,controls_powerdt,ACTIONABLE_FEATURE,INSUFFICIENT_EVIDENCE,INSUFFICIENT_EVIDENCE,YES,NO,MEDIUM,P1,E4,NO,UNKNOWN_DISCOVERY,UNKNOWN_DISCOVERY,UNKNOWN_DISCOVERY,UI+featureSpec,KEY_MATCH,Phase E detailed design required,Preference+installer behavioral tests,NO,MECHANICAL_DISCOVERY:key match only
controls,PowerKeyFeatureId,Power Key,controls_powerflash,A13_UI_controls_powerflash,controls_powerflash,ACTIONABLE_FEATURE,PRESENT_A13_VARIANT,UPSTREAM_INTENT_EQUIVALENT,YES,YES,LOW,P2,E4,NO,UNKNOWN_DISCOVERY,SYSTEM_SERVER,UNKNOWN_DISCOVERY,UI+featureSpec,KEY_MATCH,Phase E detailed design required,Preference+installer behavioral tests,NO,SEMANTICALLY_VERIFIED:shared ui key + a14/a13 implementation reads + same node family
controls,A14_UI_controls_powerflash_delay,Longer quick flashlight delay,controls_powerflash_delay,A13_UI_controls_powerflash_delay,controls_powerflash_delay,ACTIONABLE_FEATURE,PRESENT_A13_VARIANT,UPSTREAM_INTENT_EQUIVALENT,YES,YES,LOW,P2,E4,NO,UNKNOWN_DISCOVERY,UNKNOWN_DISCOVERY,UNKNOWN_DISCOVERY,UI+featureSpec,KEY_MATCH,Phase E detailed design required,Preference+installer behavioral tests,NO,SEMANTICALLY_VERIFIED:shared ui key + a14/a13 implementation reads + same node family
controls,InputMethodVolumeCursorFeatureId,Input Method Volume Cursor,controls_volumecursor,A13_UI_controls_volumecursor,controls_volumecursor,ACTIONABLE_FEATURE,PRESENT_A13_VARIANT,UPSTREAM_INTENT_EQUIVALENT,YES,YES,LOW,P2,E4,NO,UNKNOWN_DISCOVERY,ANY,UNKNOWN_DISCOVERY,UI+featureSpec,KEY_MATCH,Phase E detailed design required,Preference+installer behavioral tests,NO,SEMANTICALLY_VERIFIED:shared ui key + a14/a13 implementation reads + same node family
controls,A14_UI_controls_volumecursor_reverse,Change directions,controls_volumecursor_reverse,A13_UI_controls_volumecursor_reverse,controls_volumecursor_reverse,ACTIONABLE_FEATURE,PRESENT_A13_VARIANT,UPSTREAM_INTENT_EQUIVALENT,YES,YES,LOW,P2,E4,NO,UNKNOWN_DISCOVERY,UNKNOWN_DISCOVERY,UNKNOWN_DISCOVERY,UI+featureSpec,KEY_MATCH,Phase E detailed design required,Preference+installer behavioral tests,NO,SEMANTICALLY_VERIFIED:shared ui key + a14/a13 implementation reads + same node family
controls,A14_UI_controls_volumedowndt_torch,Double tap volume down to turn on torch,controls_volumedowndt_torch,A13_UI_controls_volumedowndt_torch,controls_volumedowndt_torch,ACTIONABLE_FEATURE,PRESENT_A13_VARIANT,UPSTREAM_INTENT_EQUIVALENT,YES,YES,LOW,P2,E4,NO,UNKNOWN_DISCOVERY,UNKNOWN_DISCOVERY,UNKNOWN_DISCOVERY,UI+featureSpec,KEY_MATCH,Phase E detailed design required,Preference+installer behavioral tests,NO,SEMANTICALLY_VERIFIED:shared ui key + a14/a13 implementation reads + same node family
controls,A14_UI_controls_volumemedia_down,Volume Down long press action,controls_volumemedia_down,A13_UI_controls_volumemedia_down,controls_volumemedia_down,SUBOPTION,PRESENT_A13_VARIANT,UPSTREAM_INTENT_EQUIVALENT,YES,YES,LOW,P2,E4,NO,UNKNOWN_DISCOVERY,UNKNOWN_DISCOVERY,UNKNOWN_DISCOVERY,UI+featureSpec,KEY_MATCH,Phase E detailed design required,Preference+installer behavioral tests,NO,SEMANTICALLY_VERIFIED:shared ui key + a14/a13 implementation reads + same node family
controls,VolumeMediaButtonsFeatureId,Volume Media Buttons,controls_volumemedia_up,A13_UI_controls_volumemedia_up,controls_volumemedia_up,SUBOPTION,PRESENT_A13_VARIANT,UPSTREAM_INTENT_EQUIVALENT,YES,YES,LOW,P2,E4,NO,UNKNOWN_DISCOVERY,SYSTEM_SERVER,UNKNOWN_DISCOVERY,UI+featureSpec,KEY_MATCH,Phase E detailed design required,Preference+installer behavioral tests,NO,SEMANTICALLY_VERIFIED:shared ui key + a14/a13 implementation reads + same node family
controls,A14_UI_controls_volumemedia_vibrate,Long press vibration,controls_volumemedia_vibrate,A13_UI_controls_volumemedia_vibrate,controls_volumemedia_vibrate,ACTIONABLE_FEATURE,PRESENT_A13_VARIANT,UPSTREAM_INTENT_EQUIVALENT,YES,YES,LOW,P2,E4,NO,UNKNOWN_DISCOVERY,UNKNOWN_DISCOVERY,UNKNOWN_DISCOVERY,UI+featureSpec,KEY_MATCH,Phase E detailed design required,Preference+installer behavioral tests,NO,SEMANTICALLY_VERIFIED:shared ui key + a14/a13 implementation reads + same node family
launcher,LauncherCloseDrawerOnLaunchFeatureId,Launcher Close Drawer On Launch,launcher_closedrawer,A13_UI_launcher_closedrawer,launcher_closedrawer,ACTIONABLE_FEATURE,PRESENT_A13_VARIANT,UPSTREAM_INTENT_EQUIVALENT,YES,YES,LOW,P2,E3,NO,UNKNOWN_DISCOVERY,LAUNCHER,UNKNOWN_DISCOVERY,UI+featureSpec,KEY_MATCH,Phase E detailed design required,Preference+installer behavioral tests,NO,SEMANTICALLY_VERIFIED:shared ui key + a14/a13 implementation reads + same node family
launcher,LauncherCloseOnLaunchFeatureId,Launcher Close On Launch,launcher_closefolders,A13_UI_launcher_closefolders,launcher_closefolders,SUBOPTION,PRESENT_A13_VARIANT,UPSTREAM_INTENT_EQUIVALENT,YES,YES,LOW,P2,E3,NO,UNKNOWN_DISCOVERY,LAUNCHER,UNKNOWN_DISCOVERY,UI+featureSpec,KEY_MATCH,Phase E detailed design required,Preference+installer behavioral tests,NO,SEMANTICALLY_VERIFIED:shared ui key + a14/a13 implementation reads + same node family
launcher,LauncherTitleShadowFeatureId,Launcher Title Shadow,launcher_darkershadow,A13_UI_launcher_darkershadow,launcher_darkershadow,ACTIONABLE_FEATURE,PRESENT_A13_VARIANT,UPSTREAM_INTENT_EQUIVALENT,YES,YES,LOW,P2,E3,NO,UNKNOWN_DISCOVERY,LAUNCHER,UNKNOWN_DISCOVERY,UI+featureSpec,KEY_MATCH,Phase E detailed design required,Preference+installer behavioral tests,NO,SEMANTICALLY_VERIFIED:shared ui key + a14/a13 implementation reads + same node family
launcher,LauncherDisableLogFeatureId,Launcher Disable Log,launcher_disable_log,A13_UI_launcher_disable_log,launcher_disable_log,ACTIONABLE_FEATURE,PRESENT_A13_VARIANT,UPSTREAM_INTENT_EQUIVALENT,YES,YES,LOW,P2,E3,NO,UNKNOWN_DISCOVERY,LAUNCHER,UNKNOWN_DISCOVERY,UI+featureSpec,KEY_MATCH,Phase E detailed design required,Preference+installer behavioral tests,NO,SEMANTICALLY_VERIFIED:shared ui key + a14/a13 implementation reads + same node family
launcher,MediaDisableUnlockWallpaperScaleFeatureId,Media Disable Unlock Wallpaper Scale,launcher_disable_wallpaperscale,A13_UI_launcher_disable_wallpaperscale,launcher_disable_wallpaperscale,ACTIONABLE_FEATURE,PRESENT_A13_VARIANT,UPSTREAM_INTENT_EQUIVALENT,YES,YES,LOW,P2,E3,NO,UNKNOWN_DISCOVERY,SYSTEM_PACKAGE,UNKNOWN_DISCOVERY,UI+featureSpec,KEY_MATCH,Phase E detailed design required,Preference+installer behavioral tests,NO,SEMANTICALLY_VERIFIED:shared ui key + a14/a13 implementation reads + same node family
launcher,LauncherDockMarginBottomFeatureId,Launcher Dock Margin Bottom,launcher_dock_bottommargin,A13_UI_launcher_dock_bottommargin,launcher_dock_bottommargin,SUBOPTION,PRESENT_A13_VARIANT,UPSTREAM_INTENT_EQUIVALENT,YES,YES,LOW,P2,E3,NO,UNKNOWN_DISCOVERY,LAUNCHER,UNKNOWN_DISCOVERY,UI+featureSpec,KEY_MATCH,Phase E detailed design required,Preference+installer behavioral tests,NO,SEMANTICALLY_VERIFIED:shared ui key + a14/a13 implementation reads + same node family
launcher,LauncherDockHeightFeatureId,Launcher Dock Height,launcher_dock_height,,,SUBOPTION,MISSING_IN_A13,A14_NEW_FEATURE,YES,NO,HIGH,P1,E3,NO,UNKNOWN_DISCOVERY,LAUNCHER,UNKNOWN_DISCOVERY,UI+featureSpec,NO_KEY,Phase E detailed design required,Preference+installer behavioral tests,NO,No A13 UI/schema key
launcher,LauncherDockMarginTopFeatureId,Launcher Dock Margin Top,launcher_dock_topmargin,A13_UI_launcher_dock_topmargin,launcher_dock_topmargin,SUBOPTION,PRESENT_A13_VARIANT,UPSTREAM_INTENT_EQUIVALENT,YES,YES,LOW,P2,E3,NO,UNKNOWN_DISCOVERY,LAUNCHER,UNKNOWN_DISCOVERY,UI+featureSpec,KEY_MATCH,Phase E detailed design required,Preference+installer behavioral tests,NO,SEMANTICALLY_VERIFIED:shared ui key + a14/a13 implementation reads + same node family
launcher,LauncherDockTitlesFeatureId,Launcher Dock Titles,launcher_docktitles,A13_UI_launcher_docktitles,launcher_docktitles,ACTIONABLE_FEATURE,PRESENT_A13_VARIANT,UPSTREAM_INTENT_EQUIVALENT,YES,YES,LOW,P2,E3,NO,UNKNOWN_DISCOVERY,LAUNCHER,UNKNOWN_DISCOVERY,UI+featureSpec,KEY_MATCH,Phase E detailed design required,Preference+installer behavioral tests,NO,SEMANTICALLY_VERIFIED:shared ui key + a14/a13 implementation reads + same node family
launcher,A14_UI_launcher_doubletap,Double tap action,launcher_doubletap,A13_UI_launcher_doubletap,launcher_doubletap,ACTIONABLE_FEATURE,INSUFFICIENT_EVIDENCE,INSUFFICIENT_EVIDENCE,YES,NO,MEDIUM,P1,E3,NO,UNKNOWN_DISCOVERY,UNKNOWN_DISCOVERY,UNKNOWN_DISCOVERY,UI+featureSpec,KEY_MATCH,Phase E detailed design required,Preference+installer behavioral tests,NO,MECHANICAL_DISCOVERY:key match only
launcher,LauncherFixAnimFeatureId,Launcher Fix Anim,launcher_fixanim,A13_UI_launcher_fixanim,launcher_fixanim,ACTIONABLE_FEATURE,PRESENT_A13_VARIANT,UPSTREAM_INTENT_EQUIVALENT,YES,YES,LOW,P2,E3,NO,UNKNOWN_DISCOVERY,LAUNCHER,UNKNOWN_DISCOVERY,UI+featureSpec,KEY_MATCH,Phase E detailed design required,Preference+installer behavioral tests,NO,SEMANTICALLY_VERIFIED:shared ui key + a14/a13 implementation reads + same node family
launcher,LauncherFixAppInfoLaunchFeatureId,Launcher Fix App Info Launch,launcher_fixlaunch,A13_UI_launcher_fixlaunch,launcher_fixlaunch,ACTIONABLE_FEATURE,PRESENT_A13_VARIANT,UPSTREAM_INTENT_EQUIVALENT,YES,YES,LOW,P2,E3,NO,UNKNOWN_DISCOVERY,LAUNCHER,UNKNOWN_DISCOVERY,UI+featureSpec,KEY_MATCH,Phase E detailed design required,Preference+installer behavioral tests,NO,SEMANTICALLY_VERIFIED:shared ui key + a14/a13 implementation reads + same node family
launcher,LauncherFolderColumnsFeatureId,Launcher Folder Columns,launcher_folder_cols,A13_UI_launcher_folder_cols,launcher_folder_cols,SUBOPTION,PRESENT_A13_VARIANT,UPSTREAM_INTENT_EQUIVALENT,YES,YES,LOW,P2,E3,NO,UNKNOWN_DISCOVERY,LAUNCHER,UNKNOWN_DISCOVERY,UI+featureSpec,KEY_MATCH,Phase E detailed design required,Preference+installer behavioral tests,NO,SEMANTICALLY_VERIFIED:shared ui key + a14/a13 implementation reads + same node family
launcher,A14_UI_launcher_folderblur_disable,Disable folder background blur,launcher_folderblur_disable,,,ACTIONABLE_FEATURE,MISSING_IN_A13,A14_NEW_FEATURE,YES,NO,HIGH,P1,E3,NO,UNKNOWN_DISCOVERY,UNKNOWN_DISCOVERY,UNKNOWN_DISCOVERY,UI+featureSpec,NO_KEY,Phase E detailed design required,Preference+installer behavioral tests,NO,No A13 UI/schema key
launcher,LauncherFolderBlurFeatureId,Launcher Folder Blur,launcher_folderblur_opacity,A13_UI_launcher_folderblur_opacity,launcher_folderblur_opacity,SUBOPTION,PRESENT_A13_VARIANT,UPSTREAM_INTENT_EQUIVALENT,YES,YES,LOW,P2,E3,NO,UNKNOWN_DISCOVERY,LAUNCHER,UNKNOWN_DISCOVERY,UI+featureSpec,KEY_MATCH,Phase E detailed design required,Preference+installer behavioral tests,NO,SEMANTICALLY_VERIFIED:shared ui key + a14/a13 implementation reads + same node family
launcher,A14_UI_launcher_folderspace,Reduce side padding,launcher_folderspace,A13_UI_launcher_folderspace,launcher_folderspace,ACTIONABLE_FEATURE,INSUFFICIENT_EVIDENCE,INSUFFICIENT_EVIDENCE,YES,NO,MEDIUM,P1,E3,NO,UNKNOWN_DISCOVERY,UNKNOWN_DISCOVERY,UNKNOWN_DISCOVERY,UI+featureSpec,KEY_MATCH,Phase E detailed design required,Preference+installer behavioral tests,NO,MECHANICAL_DISCOVERY:key match only
launcher,A14_UI_launcher_folderwidth,Use entire folder\'s width,launcher_folderwidth,A13_UI_launcher_folderwidth,launcher_folderwidth,ACTIONABLE_FEATURE,INSUFFICIENT_EVIDENCE,INSUFFICIENT_EVIDENCE,YES,NO,MEDIUM,P1,E3,NO,UNKNOWN_DISCOVERY,UNKNOWN_DISCOVERY,UNKNOWN_DISCOVERY,UI+featureSpec,KEY_MATCH,Phase E detailed design required,Preference+installer behavioral tests,NO,MECHANICAL_DISCOVERY:key match only
launcher,LauncherHideSeekPointsFeatureId,Launcher Hide Seek Points,launcher_hideseekpoints,A13_UI_launcher_hideseekpoints,launcher_hideseekpoints,ACTIONABLE_FEATURE,PRESENT_A13_VARIANT,UPSTREAM_INTENT_EQUIVALENT,YES,YES,LOW,P2,E3,NO,UNKNOWN_DISCOVERY,LAUNCHER,UNKNOWN_DISCOVERY,UI+featureSpec,KEY_MATCH,Phase E detailed design required,Preference+installer behavioral tests,NO,SEMANTICALLY_VERIFIED:shared ui key + a14/a13 implementation reads + same node family
launcher,A14_UI_launcher_hideseekpoints_edit,Show only in edit mode,launcher_hideseekpoints_edit,A13_UI_launcher_hideseekpoints_edit,launcher_hideseekpoints_edit,ACTIONABLE_FEATURE,PRESENT_A13_VARIANT,UPSTREAM_INTENT_EQUIVALENT,YES,YES,LOW,P2,E3,NO,UNKNOWN_DISCOVERY,UNKNOWN_DISCOVERY,UNKNOWN_DISCOVERY,UI+featureSpec,KEY_MATCH,Phase E detailed design required,Preference+installer behavioral tests,NO,SEMANTICALLY_VERIFIED:shared ui key + a14/a13 implementation reads + same node family
launcher,LauncherHideTitlesFeatureId,Launcher Hide Titles,launcher_hidetitles,A13_UI_launcher_hidetitles,launcher_hidetitles,ACTIONABLE_FEATURE,PRESENT_A13_VARIANT,UPSTREAM_INTENT_EQUIVALENT,YES,YES,LOW,P2,E3,NO,UNKNOWN_DISCOVERY,LAUNCHER,UNKNOWN_DISCOVERY,UI+featureSpec,KEY_MATCH,Phase E detailed design required,Preference+installer behavioral tests,NO,SEMANTICALLY_VERIFIED:shared ui key + a14/a13 implementation reads + same node family
launcher,LauncherHorizontalSpacingFeatureId,Launcher Horizontal Spacing,launcher_horizmargin,A13_UI_launcher_horizmargin,launcher_horizmargin,SUBOPTION,PRESENT_A13_VARIANT,UPSTREAM_INTENT_EQUIVALENT,YES,YES,LOW,P2,E3,NO,UNKNOWN_DISCOVERY,LAUNCHER,UNKNOWN_DISCOVERY,UI+featureSpec,KEY_MATCH,Phase E detailed design required,Preference+installer behavioral tests,NO,SEMANTICALLY_VERIFIED:shared ui key + a14/a13 implementation reads + same node family
launcher,LauncherHorizontalWidgetSpacingFeatureId,Launcher Horizontal Widget Spacing,launcher_horizwidgetmargin,A13_UI_launcher_horizwidgetmargin,launcher_horizwidgetmargin,SUBOPTION,PRESENT_A13_VARIANT,UPSTREAM_INTENT_EQUIVALENT,YES,YES,LOW,P2,E3,NO,UNKNOWN_DISCOVERY,LAUNCHER,UNKNOWN_DISCOVERY,UI+featureSpec,KEY_MATCH,Phase E detailed design required,Preference+installer behavioral tests,NO,SEMANTICALLY_VERIFIED:shared ui key + a14/a13 implementation reads + same node family
launcher,LauncherIconScaleFeatureId,Launcher Icon Scale,launcher_iconscale,A13_UI_launcher_iconscale,launcher_iconscale,SUBOPTION,PRESENT_A13_VARIANT,UPSTREAM_INTENT_EQUIVALENT,YES,YES,LOW,P2,E3,NO,UNKNOWN_DISCOVERY,LAUNCHER,UNKNOWN_DISCOVERY,UI+featureSpec,KEY_MATCH,Phase E detailed design required,Preference+installer behavioral tests,NO,SEMANTICALLY_VERIFIED:shared ui key + a14/a13 implementation reads + same node family
launcher,LauncherIndicatorMarginTopFeatureId,Launcher Indicator Margin Top,launcher_indicator_topmargin,A13_UI_launcher_indicator_topmargin,launcher_indicator_topmargin,SUBOPTION,PRESENT_A13_VARIANT,UPSTREAM_INTENT_EQUIVALENT,YES,YES,LOW,P2,E3,NO,UNKNOWN_DISCOVERY,LAUNCHER,UNKNOWN_DISCOVERY,UI+featureSpec,KEY_MATCH,Phase E detailed design required,Preference+installer behavioral tests,NO,SEMANTICALLY_VERIFIED:shared ui key + a14/a13 implementation reads + same node family
launcher,LauncherIndicatorHeightFeatureId,Launcher Indicator Height,launcher_indicatorheight,A13_UI_launcher_indicatorheight,launcher_indicatorheight,SUBOPTION,PRESENT_A13_VARIANT,UPSTREAM_INTENT_EQUIVALENT,YES,YES,LOW,P2,E3,NO,UNKNOWN_DISCOVERY,LAUNCHER,UNKNOWN_DISCOVERY,UI+featureSpec,KEY_MATCH,Phase E detailed design required,Preference+installer behavioral tests,NO,SEMANTICALLY_VERIFIED:shared ui key + a14/a13 implementation reads + same node family
launcher,LauncherInfiniteScrollFeatureId,Launcher Infinite Scroll,launcher_infinitescroll,A13_UI_launcher_infinitescroll,launcher_infinitescroll,ACTIONABLE_FEATURE,PRESENT_A13_VARIANT,UPSTREAM_INTENT_EQUIVALENT,YES,YES,LOW,P2,E3,NO,UNKNOWN_DISCOVERY,LAUNCHER,UNKNOWN_DISCOVERY,UI+featureSpec,KEY_MATCH,Phase E detailed design required,Preference+installer behavioral tests,NO,SEMANTICALLY_VERIFIED:shared ui key + a14/a13 implementation reads + same node family
launcher,LauncherNoClockHideFeatureId,Launcher No Clock Hide,launcher_noclockhide,A13_UI_launcher_noclockhide,launcher_noclockhide,ACTIONABLE_FEATURE,PRESENT_A13_VARIANT,UPSTREAM_INTENT_EQUIVALENT,YES,YES,LOW,P2,E3,NO,UNKNOWN_DISCOVERY,LAUNCHER,UNKNOWN_DISCOVERY,UI+featureSpec,KEY_MATCH,Phase E detailed design required,Preference+installer behavioral tests,NO,SEMANTICALLY_VERIFIED:shared ui key + a14/a13 implementation reads + same node family
launcher,LauncherNoUnlockAnimationFeatureId,Launcher No Unlock Animation,launcher_nounlockanim,A13_UI_launcher_nounlockanim,launcher_nounlockanim,ACTIONABLE_FEATURE,PRESENT_A13_VARIANT,UPSTREAM_INTENT_EQUIVALENT,YES,YES,LOW,P2,E3,NO,UNKNOWN_DISCOVERY,LAUNCHER,UNKNOWN_DISCOVERY,UI+featureSpec,KEY_MATCH,Phase E detailed design required,Preference+installer behavioral tests,NO,SEMANTICALLY_VERIFIED:shared ui key + a14/a13 implementation reads + same node family
launcher,LauncherNoWidgetOnlyFeatureId,Launcher No Widget Only,launcher_nowidgetonly,A13_UI_launcher_nowidgetonly,launcher_nowidgetonly,ACTIONABLE_FEATURE,PRESENT_A13_VARIANT,UPSTREAM_INTENT_EQUIVALENT,YES,YES,LOW,P2,E3,NO,UNKNOWN_DISCOVERY,LAUNCHER,UNKNOWN_DISCOVERY,UI+featureSpec,KEY_MATCH,Phase E detailed design required,Preference+installer behavioral tests,NO,SEMANTICALLY_VERIFIED:shared ui key + a14/a13 implementation reads + same node family
launcher,LauncherNoZoomAnimationFeatureId,Launcher No Zoom Animation,launcher_nozoomanim,A13_UI_launcher_nozoomanim,launcher_nozoomanim,ACTIONABLE_FEATURE,PRESENT_A13_VARIANT,UPSTREAM_INTENT_EQUIVALENT,YES,YES,LOW,P2,E3,NO,UNKNOWN_DISCOVERY,LAUNCHER,UNKNOWN_DISCOVERY,UI+featureSpec,KEY_MATCH,Phase E detailed design required,Preference+installer behavioral tests,NO,SEMANTICALLY_VERIFIED:shared ui key + a14/a13 implementation reads + same node family
launcher,LauncherUseOldLaunchAnimationFeatureId,Launcher Use Old Launch Animation,launcher_oldlaunchanim,A13_UI_launcher_oldlaunchanim,launcher_oldlaunchanim,ACTIONABLE_FEATURE,PRESENT_A13_VARIANT,UPSTREAM_INTENT_EQUIVALENT,YES,YES,LOW,P2,E3,NO,UNKNOWN_DISCOVERY,LAUNCHER,UNKNOWN_DISCOVERY,UI+featureSpec,KEY_MATCH,Phase E detailed design required,Preference+installer behavioral tests,NO,SEMANTICALLY_VERIFIED:shared ui key + a14/a13 implementation reads + same node family
launcher,A14_UI_launcher_pinch,Pinch action,launcher_pinch,A13_UI_launcher_pinch,launcher_pinch,ACTIONABLE_FEATURE,INSUFFICIENT_EVIDENCE,INSUFFICIENT_EVIDENCE,YES,NO,MEDIUM,P1,E3,NO,UNKNOWN_DISCOVERY,UNKNOWN_DISCOVERY,UNKNOWN_DISCOVERY,UI+featureSpec,KEY_MATCH,Phase E detailed design required,Preference+installer behavioral tests,NO,MECHANICAL_DISCOVERY:key match only
launcher,LauncherPrivacyFolderFeatureId,Launcher Privacy Folder,launcher_privacyapps_gest,A13_UI_launcher_privacyapps_gest,launcher_privacyapps_gest,ACTIONABLE_FEATURE,PRESENT_A13_VARIANT,UPSTREAM_INTENT_EQUIVALENT,YES,YES,LOW,P2,E3,NO,UNKNOWN_DISCOVERY,LAUNCHER,UNKNOWN_DISCOVERY,UI+featureSpec,KEY_MATCH,Phase E detailed design required,Preference+installer behavioral tests,NO,SEMANTICALLY_VERIFIED:shared ui key + a14/a13 implementation reads + same node family
launcher,A14_UI_launcher_privacyapps_list,List of apps to hide,launcher_privacyapps_list,A13_UI_launcher_privacyapps_list,launcher_privacyapps_list,ACTIONABLE_FEATURE,INSUFFICIENT_EVIDENCE,INSUFFICIENT_EVIDENCE,YES,NO,MEDIUM,P1,E3,NO,UNKNOWN_DISCOVERY,UNKNOWN_DISCOVERY,UNKNOWN_DISCOVERY,UI+featureSpec,KEY_MATCH,Phase E detailed design required,Preference+installer behavioral tests,NO,MECHANICAL_DISCOVERY:key match only
launcher,LauncherRenameShortcutsFeatureId,Launcher Rename Shortcuts,launcher_renameapps,A13_UI_launcher_renameapps,launcher_renameapps,ACTIONABLE_FEATURE,PRESENT_A13_VARIANT,UPSTREAM_INTENT_EQUIVALENT,YES,YES,LOW,P2,E3,NO,UNKNOWN_DISCOVERY,LAUNCHER,UNKNOWN_DISCOVERY,UI+featureSpec,KEY_MATCH,Phase E detailed design required,Preference+installer behavioral tests,NO,SEMANTICALLY_VERIFIED:shared ui key + a14/a13 implementation reads + same node family
launcher,A14_UI_launcher_renameapps_list,Modified titles,launcher_renameapps_list,A13_UI_launcher_renameapps_list,launcher_renameapps_list,ACTIONABLE_FEATURE,INSUFFICIENT_EVIDENCE,INSUFFICIENT_EVIDENCE,YES,NO,MEDIUM,P1,E3,NO,UNKNOWN_DISCOVERY,UNKNOWN_DISCOVERY,UNKNOWN_DISCOVERY,UI+featureSpec,KEY_MATCH,Phase E detailed design required,Preference+installer behavioral tests,NO,MECHANICAL_DISCOVERY:key match only
launcher,LauncherReversePortraitFeatureId,Launcher Reverse Portrait,launcher_sensorportrait,A13_UI_launcher_sensorportrait,launcher_sensorportrait,ACTIONABLE_FEATURE,PRESENT_A13_VARIANT,UPSTREAM_INTENT_EQUIVALENT,YES,YES,LOW,P2,E3,NO,UNKNOWN_DISCOVERY,LAUNCHER,UNKNOWN_DISCOVERY,UI+featureSpec,KEY_MATCH,Phase E detailed design required,Preference+installer behavioral tests,NO,SEMANTICALLY_VERIFIED:shared ui key + a14/a13 implementation reads + same node family
launcher,A14_UI_launcher_shake,Shake action,launcher_shake,A13_UI_launcher_shake,launcher_shake,ACTIONABLE_FEATURE,INSUFFICIENT_EVIDENCE,INSUFFICIENT_EVIDENCE,YES,NO,MEDIUM,P1,E3,NO,UNKNOWN_DISCOVERY,UNKNOWN_DISCOVERY,UNKNOWN_DISCOVERY,UI+featureSpec,KEY_MATCH,Phase E detailed design required,Preference+installer behavioral tests,NO,MECHANICAL_DISCOVERY:key match only
launcher,A14_UI_launcher_spread,Spread action,launcher_spread,A13_UI_launcher_spread,launcher_spread,ACTIONABLE_FEATURE,INSUFFICIENT_EVIDENCE,INSUFFICIENT_EVIDENCE,YES,NO,MEDIUM,P1,E3,NO,UNKNOWN_DISCOVERY,UNKNOWN_DISCOVERY,UNKNOWN_DISCOVERY,UI+featureSpec,KEY_MATCH,Phase E detailed design required,Preference+installer behavioral tests,NO,MECHANICAL_DISCOVERY:key match only
launcher,A14_UI_launcher_swipedown,Swipe down action (1 finger),launcher_swipedown,A13_UI_launcher_swipedown,launcher_swipedown,ACTIONABLE_FEATURE,INSUFFICIENT_EVIDENCE,INSUFFICIENT_EVIDENCE,YES,NO,MEDIUM,P1,E3,NO,UNKNOWN_DISCOVERY,UNKNOWN_DISCOVERY,UNKNOWN_DISCOVERY,UI+featureSpec,KEY_MATCH,Phase E detailed design required,Preference+installer behavioral tests,NO,MECHANICAL_DISCOVERY:key match only
launcher,A14_UI_launcher_swipedown2,Swipe down action (2 fingers),launcher_swipedown2,A13_UI_launcher_swipedown2,launcher_swipedown2,ACTIONABLE_FEATURE,INSUFFICIENT_EVIDENCE,INSUFFICIENT_EVIDENCE,YES,NO,MEDIUM,P1,E3,NO,UNKNOWN_DISCOVERY,UNKNOWN_DISCOVERY,UNKNOWN_DISCOVERY,UI+featureSpec,KEY_MATCH,Phase E detailed design required,Preference+installer behavioral tests,NO,MECHANICAL_DISCOVERY:key match only
launcher,A14_UI_launcher_swipeleft,Swipe left action,launcher_swipeleft,A13_UI_launcher_swipeleft,launcher_swipeleft,ACTIONABLE_FEATURE,INSUFFICIENT_EVIDENCE,INSUFFICIENT_EVIDENCE,YES,NO,MEDIUM,P1,E3,NO,UNKNOWN_DISCOVERY,UNKNOWN_DISCOVERY,UNKNOWN_DISCOVERY,UI+featureSpec,KEY_MATCH,Phase E detailed design required,Preference+installer behavioral tests,NO,MECHANICAL_DISCOVERY:key match only
launcher,A14_UI_launcher_swiperight,Swipe right action,launcher_swiperight,A13_UI_launcher_swiperight,launcher_swiperight,ACTIONABLE_FEATURE,INSUFFICIENT_EVIDENCE,INSUFFICIENT_EVIDENCE,YES,NO,MEDIUM,P1,E3,NO,UNKNOWN_DISCOVERY,UNKNOWN_DISCOVERY,UNKNOWN_DISCOVERY,UI+featureSpec,KEY_MATCH,Phase E detailed design required,Preference+installer behavioral tests,NO,MECHANICAL_DISCOVERY:key match only
launcher,A14_UI_launcher_swipeup,Swipe up action (1 finger),launcher_swipeup,A13_UI_launcher_swipeup,launcher_swipeup,ACTIONABLE_FEATURE,INSUFFICIENT_EVIDENCE,INSUFFICIENT_EVIDENCE,YES,NO,MEDIUM,P1,E3,NO,UNKNOWN_DISCOVERY,UNKNOWN_DISCOVERY,UNKNOWN_DISCOVERY,UI+featureSpec,KEY_MATCH,Phase E detailed design required,Preference+installer behavioral tests,NO,MECHANICAL_DISCOVERY:key match only
launcher,A14_UI_launcher_swipeup2,Swipe up action (2 fingers),launcher_swipeup2,A13_UI_launcher_swipeup2,launcher_swipeup2,ACTIONABLE_FEATURE,INSUFFICIENT_EVIDENCE,INSUFFICIENT_EVIDENCE,YES,NO,MEDIUM,P1,E3,NO,UNKNOWN_DISCOVERY,UNKNOWN_DISCOVERY,UNKNOWN_DISCOVERY,UI+featureSpec,KEY_MATCH,Phase E detailed design required,Preference+installer behavioral tests,NO,MECHANICAL_DISCOVERY:key match only
launcher,LauncherTitleFontSizeFeatureId,Launcher Title Font Size,launcher_titlefontsize,A13_UI_launcher_titlefontsize,launcher_titlefontsize,SUBOPTION,PRESENT_A13_VARIANT,UPSTREAM_INTENT_EQUIVALENT,YES,YES,LOW,P2,E3,NO,UNKNOWN_DISCOVERY,LAUNCHER,UNKNOWN_DISCOVERY,UI+featureSpec,KEY_MATCH,Phase E detailed design required,Preference+installer behavioral tests,NO,SEMANTICALLY_VERIFIED:shared ui key + a14/a13 implementation reads + same node family
launcher,LauncherTitleTopMarginFeatureId,Launcher Title Top Margin,launcher_titletopmargin,A13_UI_launcher_titletopmargin,launcher_titletopmargin,SUBOPTION,PRESENT_A13_VARIANT,UPSTREAM_INTENT_EQUIVALENT,YES,YES,LOW,P2,E3,NO,UNKNOWN_DISCOVERY,LAUNCHER,UNKNOWN_DISCOVERY,UI+featureSpec,KEY_MATCH,Phase E detailed design required,Preference+installer behavioral tests,NO,SEMANTICALLY_VERIFIED:shared ui key + a14/a13 implementation reads + same node family
launcher,LauncherWorkspaceCellPaddingTopFeatureId,Launcher Workspace Cell Padding Top,launcher_topmargin,A13_UI_launcher_topmargin,launcher_topmargin,SUBOPTION,PRESENT_A13_VARIANT,UPSTREAM_INTENT_EQUIVALENT,YES,YES,LOW,P2,E3,NO,UNKNOWN_DISCOVERY,LAUNCHER,UNKNOWN_DISCOVERY,UI+featureSpec,KEY_MATCH,Phase E detailed design required,Preference+installer behavioral tests,NO,SEMANTICALLY_VERIFIED:shared ui key + a14/a13 implementation reads + same node family
launcher,LauncherUnlockGridsFeatureId,Launcher Unlock Grids,launcher_unlockgrids,A13_UI_launcher_unlockgrids,launcher_unlockgrids,ACTIONABLE_FEATURE,PRESENT_A13_VARIANT,UPSTREAM_INTENT_EQUIVALENT,YES,YES,LOW,P2,E3,NO,UNKNOWN_DISCOVERY,LAUNCHER,UNKNOWN_DISCOVERY,UI+featureSpec,KEY_MATCH,Phase E detailed design required,Preference+installer behavioral tests,NO,SEMANTICALLY_VERIFIED:shared ui key + a14/a13 implementation reads + same node family
launcher,LauncherMaxHotseatIconsFeatureId,Launcher Max Hotseat Icons,launcher_unlockhotseat,A13_UI_launcher_unlockhotseat,launcher_unlockhotseat,ACTIONABLE_FEATURE,PRESENT_A13_VARIANT,UPSTREAM_INTENT_EQUIVALENT,YES,YES,LOW,P2,E3,NO,UNKNOWN_DISCOVERY,LAUNCHER,UNKNOWN_DISCOVERY,UI+featureSpec,KEY_MATCH,Phase E detailed design required,Preference+installer behavioral tests,NO,SEMANTICALLY_VERIFIED:shared ui key + a14/a13 implementation reads + same node family
launcher,LauncherWallpaperColorModeFeatureId,Launcher Wallpaper Color Mode,launcher_wallpaper_colormode,,,SUBOPTION,MISSING_IN_A13,A14_NEW_FEATURE,YES,NO,HIGH,P1,E3,NO,UNKNOWN_DISCOVERY,LAUNCHER,UNKNOWN_DISCOVERY,UI+featureSpec,NO_KEY,Phase E detailed design required,Preference+installer behavioral tests,NO,No A13 UI/schema key
main,A14_UI_miuizer_launchericon,Launcher icon,miuizer_launchericon,A13_UI_miuizer_launchericon,miuizer_launchericon,ACTIONABLE_FEATURE,INSUFFICIENT_EVIDENCE,INSUFFICIENT_EVIDENCE,YES,NO,MEDIUM,P1,E4,NO,UNKNOWN_DISCOVERY,UNKNOWN_DISCOVERY,UNKNOWN_DISCOVERY,UI+featureSpec,KEY_MATCH,Phase E detailed design required,Preference+installer behavioral tests,NO,MECHANICAL_DISCOVERY:key match only
main,A14_UI_miuizer_locale,Interface language,miuizer_locale,A13_UI_miuizer_locale,miuizer_locale,SUBOPTION,INSUFFICIENT_EVIDENCE,INSUFFICIENT_EVIDENCE,YES,NO,MEDIUM,P1,E1,NO,UNKNOWN_DISCOVERY,UNKNOWN_DISCOVERY,UNKNOWN_DISCOVERY,UI+featureSpec,KEY_MATCH,Phase E detailed design required,Preference+installer behavioral tests,NO,MECHANICAL_DISCOVERY:key match only
main,SettingsMiuizerIconFeatureId,Settings Miuizer Icon,miuizer_settingsiconpos,A13_UI_miuizer_settingsiconpos,miuizer_settingsiconpos,SUBOPTION,PRESENT_A13_VARIANT,UPSTREAM_INTENT_EQUIVALENT,YES,YES,LOW,P2,E4,NO,UNKNOWN_DISCOVERY,SYSTEM_PACKAGE,UNKNOWN_DISCOVERY,UI+featureSpec,KEY_MATCH,Phase E detailed design required,Preference+installer behavioral tests,NO,SEMANTICALLY_VERIFIED:shared ui key + a14/a13 implementation reads + same node family
system_statusbar_mobilesignal,MobileNetworkTypeFeatureId,Mobile Network Type,system_4gtolte,A13_UI_system_4gtolte,system_4gtolte,ACTIONABLE_FEATURE,PRESENT_A13_VARIANT,UPSTREAM_INTENT_EQUIVALENT,YES,YES,LOW,P2,E3,NO,UNKNOWN_DISCOVERY,SYSTEM_UI,UNKNOWN_DISCOVERY,UI+featureSpec,KEY_MATCH,Phase E detailed design required,Preference+installer behavioral tests,NO,SEMANTICALLY_VERIFIED:shared ui key + a14/a13 implementation reads + same node family
system_albumartonlock,LockScreenAlbumArtFeatureId,Lock Screen Album Art,system_albumartonlock,A13_UI_system_albumartonlock,system_albumartonlock,ACTIONABLE_FEATURE,PRESENT_A13_VARIANT,UPSTREAM_INTENT_EQUIVALENT,YES,YES,LOW,P2,E4,NO,UNKNOWN_DISCOVERY,SYSTEM_UI,UNKNOWN_DISCOVERY,UI+featureSpec,KEY_MATCH,Phase E detailed design required,Preference+installer behavioral tests,NO,SEMANTICALLY_VERIFIED:shared ui key + a14/a13 implementation reads + same node family
system_albumartonlock,A14_UI_system_albumartonlock_blur,Album art blur,system_albumartonlock_blur,A13_UI_system_albumartonlock_blur,system_albumartonlock_blur,SUBOPTION,PRESENT_A13_VARIANT,UPSTREAM_INTENT_EQUIVALENT,YES,YES,LOW,P2,E4,NO,UNKNOWN_DISCOVERY,UNKNOWN_DISCOVERY,UNKNOWN_DISCOVERY,UI+featureSpec,KEY_MATCH,Phase E detailed design required,Preference+installer behavioral tests,NO,SEMANTICALLY_VERIFIED:shared ui key + a14/a13 implementation reads + same node family
system_albumartonlock,A14_UI_system_albumartonlock_gray,Grayscale,system_albumartonlock_gray,A13_UI_system_albumartonlock_gray,system_albumartonlock_gray,ACTIONABLE_FEATURE,PRESENT_A13_VARIANT,UPSTREAM_INTENT_EQUIVALENT,YES,YES,LOW,P2,E4,NO,UNKNOWN_DISCOVERY,UNKNOWN_DISCOVERY,UNKNOWN_DISCOVERY,UI+featureSpec,KEY_MATCH,Phase E detailed design required,Preference+installer behavioral tests,NO,SEMANTICALLY_VERIFIED:shared ui key + a14/a13 implementation reads + same node family
system_albumartonlock,A14_UI_system_albumartonlock_scale,Album art scale,system_albumartonlock_scale,A13_UI_system_albumartonlock_scale,system_albumartonlock_scale,SUBOPTION,PRESENT_A13_VARIANT,UPSTREAM_INTENT_EQUIVALENT,YES,YES,LOW,P2,E4,NO,UNKNOWN_DISCOVERY,UNKNOWN_DISCOVERY,UNKNOWN_DISCOVERY,UI+featureSpec,KEY_MATCH,Phase E detailed design required,Preference+installer behavioral tests,NO,SEMANTICALLY_VERIFIED:shared ui key + a14/a13 implementation reads + same node family
system,AllowAllFloatFeatureId,Allow All Float,system_allownotiffloat,A13_UI_system_allownotiffloat,system_allownotiffloat,ACTIONABLE_FEATURE,PRESENT_A13_VARIANT,UPSTREAM_INTENT_EQUIVALENT,YES,YES,LOW,P2,E4,NO,UNKNOWN_DISCOVERY,SYSTEM_UI,UNKNOWN_DISCOVERY,UI+featureSpec,KEY_MATCH,Phase E detailed design required,Preference+installer behavioral tests,NO,SEMANTICALLY_VERIFIED:shared ui key + a14/a13 implementation reads + same node family
system,AllowAllKeyguardFeatureId,Allow All Keyguard,system_allownotifonkeyguard,A13_UI_system_allownotifonkeyguard,system_allownotifonkeyguard,ACTIONABLE_FEATURE,PRESENT_A13_VARIANT,UPSTREAM_INTENT_EQUIVALENT,YES,YES,LOW,P2,E4,NO,UNKNOWN_DISCOVERY,SYSTEM_UI,UNKNOWN_DISCOVERY,UI+featureSpec,KEY_MATCH,Phase E detailed design required,Preference+installer behavioral tests,NO,SEMANTICALLY_VERIFIED:shared ui key + a14/a13 implementation reads + same node family
system,AllRotationsFeatureId,All Rotations,system_allrotations2,A13_UI_system_allrotations2,system_allrotations2,SUBOPTION,PRESENT_A13_VARIANT,UPSTREAM_INTENT_EQUIVALENT,YES,YES,LOW,P2,E4,NO,UNKNOWN_DISCOVERY,SYSTEM_SERVER,UNKNOWN_DISCOVERY,UI+featureSpec,KEY_MATCH,Phase E detailed design required,Preference+installer behavioral tests,NO,SEMANTICALLY_VERIFIED:shared ui key + a14/a13 implementation reads + same node family
system,A14_UI_system_animationscale_animator,Value animators,system_animationscale_animator,A13_UI_system_animationscale_animator,system_animationscale_animator,SUBOPTION,INSUFFICIENT_EVIDENCE,INSUFFICIENT_EVIDENCE,YES,NO,MEDIUM,P1,E4,NO,UNKNOWN_DISCOVERY,UNKNOWN_DISCOVERY,UNKNOWN_DISCOVERY,UI+featureSpec,KEY_MATCH,Phase E detailed design required,Preference+installer behavioral tests,NO,MECHANICAL_DISCOVERY:key match only
system,A14_UI_system_animationscale_transition,Transitions,system_animationscale_transition,A13_UI_system_animationscale_transition,system_animationscale_transition,SUBOPTION,INSUFFICIENT_EVIDENCE,INSUFFICIENT_EVIDENCE,YES,NO,MEDIUM,P1,E4,NO,UNKNOWN_DISCOVERY,UNKNOWN_DISCOVERY,UNKNOWN_DISCOVERY,UI+featureSpec,KEY_MATCH,Phase E detailed design required,Preference+installer behavioral tests,NO,MECHANICAL_DISCOVERY:key match only
system,A14_UI_system_animationscale_window,Windows,system_animationscale_window,A13_UI_system_animationscale_window,system_animationscale_window,SUBOPTION,INSUFFICIENT_EVIDENCE,INSUFFICIENT_EVIDENCE,YES,NO,MEDIUM,P1,E4,NO,UNKNOWN_DISCOVERY,UNKNOWN_DISCOVERY,UNKNOWN_DISCOVERY,UI+featureSpec,KEY_MATCH,Phase E detailed design required,Preference+installer behavioral tests,NO,MECHANICAL_DISCOVERY:key match only
system,NoSignatureVerifyServiceFeatureId,No Signature Verify Service,system_apksign,A13_UI_system_apksign,system_apksign,ACTIONABLE_FEATURE,PRESENT_A13_VARIANT,UPSTREAM_INTENT_EQUIVALENT,YES,YES,LOW,P2,E4,NO,UNKNOWN_DISCOVERY,SYSTEM_SERVER,UNKNOWN_DISCOVERY,UI+featureSpec,KEY_MATCH,Phase E detailed design required,Preference+installer behavioral tests,NO,SEMANTICALLY_VERIFIED:shared ui key + a14/a13 implementation reads + same node family
system,AppLockFeatureId,App Lock,system_applock,A13_UI_system_applock,system_applock,ACTIONABLE_FEATURE,PRESENT_A13_VARIANT,UPSTREAM_INTENT_EQUIVALENT,YES,YES,LOW,P2,E4,NO,UNKNOWN_DISCOVERY,SYSTEM_SERVER,UNKNOWN_DISCOVERY,UI+featureSpec,KEY_MATCH,Phase E detailed design required,Preference+installer behavioral tests,NO,SEMANTICALLY_VERIFIED:shared ui key + a14/a13 implementation reads + same node family
system,A14_UI_system_applock_list,List of apps to lock,system_applock_list,A13_UI_system_applock_list,system_applock_list,ACTIONABLE_FEATURE,INSUFFICIENT_EVIDENCE,INSUFFICIENT_EVIDENCE,YES,NO,MEDIUM,P1,E4,NO,UNKNOWN_DISCOVERY,UNKNOWN_DISCOVERY,UNKNOWN_DISCOVERY,UI+featureSpec,KEY_MATCH,Phase E detailed design required,Preference+installer behavioral tests,NO,MECHANICAL_DISCOVERY:key match only
system,SecurityCenterScrambleAppLockPinFeatureId,Security Center Scramble App Lock Pin,system_applock_scramblepin,A13_UI_system_applock_scramblepin,system_applock_scramblepin,ACTIONABLE_FEATURE,PRESENT_A13_VARIANT,UPSTREAM_INTENT_EQUIVALENT,YES,YES,LOW,P2,E4,NO,UNKNOWN_DISCOVERY,SYSTEM_PACKAGE,UNKNOWN_DISCOVERY,UI+featureSpec,KEY_MATCH,Phase E detailed design required,Preference+installer behavioral tests,NO,SEMANTICALLY_VERIFIED:shared ui key + a14/a13 implementation reads + same node family
system,SkipAppLockFeatureId,Skip App Lock,system_applock_skip,A13_UI_system_applock_skip,system_applock_skip,ACTIONABLE_FEATURE,PRESENT_A13_VARIANT,UPSTREAM_INTENT_EQUIVALENT,YES,YES,LOW,P2,E4,NO,UNKNOWN_DISCOVERY,SYSTEM_SERVER,UNKNOWN_DISCOVERY,UI+featureSpec,KEY_MATCH,Phase E detailed design required,Preference+installer behavioral tests,NO,SEMANTICALLY_VERIFIED:shared ui key + a14/a13 implementation reads + same node family
system,A14_UI_system_applock_skip_activities,Selected activities,system_applock_skip_activities,A13_UI_system_applock_skip_activities,system_applock_skip_activities,ACTIONABLE_FEATURE,INSUFFICIENT_EVIDENCE,INSUFFICIENT_EVIDENCE,YES,NO,MEDIUM,P1,E4,NO,UNKNOWN_DISCOVERY,UNKNOWN_DISCOVERY,UNKNOWN_DISCOVERY,UI+featureSpec,KEY_MATCH,Phase E detailed design required,Preference+installer behavioral tests,NO,MECHANICAL_DISCOVERY:key match only
system,AppLockTimeoutFeatureId,App Lock Timeout,system_applock_timeout,A13_UI_system_applock_timeout,system_applock_timeout,SUBOPTION,PRESENT_A13_VARIANT,UPSTREAM_INTENT_EQUIVALENT,YES,YES,LOW,P2,E4,NO,UNKNOWN_DISCOVERY,SYSTEM_SERVER,UNKNOWN_DISCOVERY,UI+featureSpec,KEY_MATCH,Phase E detailed design required,Preference+installer behavioral tests,NO,SEMANTICALLY_VERIFIED:shared ui key + a14/a13 implementation reads + same node family
system_autobrightness,AutoBrightnessRangeFeatureId,Auto Brightness Range,system_autobrightness,A13_UI_system_autobrightness,system_autobrightness,ACTIONABLE_FEATURE,PRESENT_A13_VARIANT,UPSTREAM_INTENT_EQUIVALENT,YES,YES,LOW,P2,E4,NO,UNKNOWN_DISCOVERY,SYSTEM_SERVER,UNKNOWN_DISCOVERY,UI+featureSpec,KEY_MATCH,Phase E detailed design required,Preference+installer behavioral tests,NO,SEMANTICALLY_VERIFIED:shared ui key + a14/a13 implementation reads + same node family
system_autobrightness,A14_UI_system_autobrightness_limitmax,Maximum auto brightness,system_autobrightness_limitmax,A13_UI_system_autobrightness_limitmax,system_autobrightness_limitmax,ACTIONABLE_FEATURE,PRESENT_A13_VARIANT,UPSTREAM_INTENT_EQUIVALENT,YES,YES,LOW,P2,E4,NO,UNKNOWN_DISCOVERY,UNKNOWN_DISCOVERY,UNKNOWN_DISCOVERY,UI+featureSpec,KEY_MATCH,Phase E detailed design required,Preference+installer behavioral tests,NO,SEMANTICALLY_VERIFIED:shared ui key + a14/a13 implementation reads + same node family
system_autobrightness,A14_UI_system_autobrightness_limitmin,Minimum auto brightness,system_autobrightness_limitmin,A13_UI_system_autobrightness_limitmin,system_autobrightness_limitmin,ACTIONABLE_FEATURE,PRESENT_A13_VARIANT,UPSTREAM_INTENT_EQUIVALENT,YES,YES,LOW,P2,E4,NO,UNKNOWN_DISCOVERY,UNKNOWN_DISCOVERY,UNKNOWN_DISCOVERY,UI+featureSpec,KEY_MATCH,Phase E detailed design required,Preference+installer behavioral tests,NO,SEMANTICALLY_VERIFIED:shared ui key + a14/a13 implementation reads + same node family
system_autobrightness,A14_UI_system_autobrightness_max,system_autobrightness_max,system_autobrightness_max,A13_UI_system_autobrightness_max,system_autobrightness_max,SUBOPTION,PRESENT_A13_VARIANT,UPSTREAM_INTENT_EQUIVALENT,YES,YES,LOW,P2,E4,NO,UNKNOWN_DISCOVERY,UNKNOWN_DISCOVERY,UNKNOWN_DISCOVERY,UI+featureSpec,KEY_MATCH,Phase E detailed design required,Preference+installer behavioral tests,NO,SEMANTICALLY_VERIFIED:shared ui key + a14/a13 implementation reads + same node family
system_autobrightness,A14_UI_system_autobrightness_min,system_autobrightness_min,system_autobrightness_min,A13_UI_system_autobrightness_min,system_autobrightness_min,SUBOPTION,PRESENT_A13_VARIANT,UPSTREAM_INTENT_EQUIVALENT,YES,YES,LOW,P2,E4,NO,UNKNOWN_DISCOVERY,UNKNOWN_DISCOVERY,UNKNOWN_DISCOVERY,UI+featureSpec,KEY_MATCH,Phase E detailed design required,Preference+installer behavioral tests,NO,SEMANTICALLY_VERIFIED:shared ui key + a14/a13 implementation reads + same node family
system,AutoBrightnessAfterScreenOffFeatureId,Auto Brightness After Screen Off,system_autobrightness_reset_when_screenoff,,,ACTIONABLE_FEATURE,MISSING_IN_A13,A14_NEW_FEATURE,YES,NO,HIGH,P1,E4,NO,UNKNOWN_DISCOVERY,SYSTEM_SERVER,UNKNOWN_DISCOVERY,UI+featureSpec,NO_KEY,Phase E detailed design required,Preference+installer behavioral tests,NO,No A13 UI/schema key
system_batteryindicator,BatteryIndicatorFeatureId,Battery Indicator,system_batteryindicator,A13_UI_system_batteryindicator,system_batteryindicator,ACTIONABLE_FEATURE,PRESENT_A13_VARIANT,UPSTREAM_INTENT_EQUIVALENT,YES,YES,LOW,P2,E4,NO,UNKNOWN_DISCOVERY,SYSTEM_UI,UNKNOWN_DISCOVERY,UI+featureSpec,KEY_MATCH,Phase E detailed design required,Preference+installer behavioral tests,NO,SEMANTICALLY_VERIFIED:shared ui key + a14/a13 implementation reads + same node family
system_batteryindicator,A14_UI_system_batteryindicator_align,Vertical alignment,system_batteryindicator_align,A13_UI_system_batteryindicator_align,system_batteryindicator_align,SUBOPTION,PRESENT_A13_VARIANT,UPSTREAM_INTENT_EQUIVALENT,YES,YES,LOW,P2,E4,NO,UNKNOWN_DISCOVERY,UNKNOWN_DISCOVERY,UNKNOWN_DISCOVERY,UI+featureSpec,KEY_MATCH,Phase E detailed design required,Preference+installer behavioral tests,NO,SEMANTICALLY_VERIFIED:shared ui key + a14/a13 implementation reads + same node family
system_batteryindicator,A14_UI_system_batteryindicator_centered,Centered,system_batteryindicator_centered,A13_UI_system_batteryindicator_centered,system_batteryindicator_centered,ACTIONABLE_FEATURE,PRESENT_A13_VARIANT,UPSTREAM_INTENT_EQUIVALENT,YES,YES,LOW,P2,E4,NO,UNKNOWN_DISCOVERY,UNKNOWN_DISCOVERY,UNKNOWN_DISCOVERY,UI+featureSpec,KEY_MATCH,Phase E detailed design required,Preference+installer behavioral tests,NO,SEMANTICALLY_VERIFIED:shared ui key + a14/a13 implementation reads + same node family
system_batteryindicator,A14_UI_system_batteryindicator_color,Color,system_batteryindicator_color,A13_UI_system_batteryindicator_color,system_batteryindicator_color,SUBOPTION,PRESENT_A13_VARIANT,UPSTREAM_INTENT_EQUIVALENT,YES,YES,LOW,P2,E4,NO,UNKNOWN_DISCOVERY,UNKNOWN_DISCOVERY,UNKNOWN_DISCOVERY,UI+featureSpec,KEY_MATCH,Phase E detailed design required,Preference+installer behavioral tests,NO,SEMANTICALLY_VERIFIED:shared ui key + a14/a13 implementation reads + same node family
system_batteryindicator,A14_UI_system_batteryindicator_colorval1,Full charge color,system_batteryindicator_colorval1,A13_UI_system_batteryindicator_colorval1,system_batteryindicator_colorval1,ACTIONABLE_FEATURE,INSUFFICIENT_EVIDENCE,INSUFFICIENT_EVIDENCE,YES,NO,MEDIUM,P1,E4,NO,UNKNOWN_DISCOVERY,UNKNOWN_DISCOVERY,UNKNOWN_DISCOVERY,UI+featureSpec,KEY_MATCH,Phase E detailed design required,Preference+installer behavioral tests,NO,MECHANICAL_DISCOVERY:key match only
system_batteryindicator,A14_UI_system_batteryindicator_colorval2,Low charge color,system_batteryindicator_colorval2,A13_UI_system_batteryindicator_colorval2,system_batteryindicator_colorval2,ACTIONABLE_FEATURE,INSUFFICIENT_EVIDENCE,INSUFFICIENT_EVIDENCE,YES,NO,MEDIUM,P1,E4,NO,UNKNOWN_DISCOVERY,UNKNOWN_DISCOVERY,UNKNOWN_DISCOVERY,UI+featureSpec,KEY_MATCH,Phase E detailed design required,Preference+installer behavioral tests,NO,MECHANICAL_DISCOVERY:key match only
system_batteryindicator,A14_UI_system_batteryindicator_colorval3,Battery saver color,system_batteryindicator_colorval3,A13_UI_system_batteryindicator_colorval3,system_batteryindicator_colorval3,ACTIONABLE_FEATURE,INSUFFICIENT_EVIDENCE,INSUFFICIENT_EVIDENCE,YES,NO,MEDIUM,P1,E4,NO,UNKNOWN_DISCOVERY,UNKNOWN_DISCOVERY,UNKNOWN_DISCOVERY,UI+featureSpec,KEY_MATCH,Phase E detailed design required,Preference+installer behavioral tests,NO,MECHANICAL_DISCOVERY:key match only
system_batteryindicator,A14_UI_system_batteryindicator_colorval4,Charging color,system_batteryindicator_colorval4,A13_UI_system_batteryindicator_colorval4,system_batteryindicator_colorval4,ACTIONABLE_FEATURE,INSUFFICIENT_EVIDENCE,INSUFFICIENT_EVIDENCE,YES,NO,MEDIUM,P1,E4,NO,UNKNOWN_DISCOVERY,UNKNOWN_DISCOVERY,UNKNOWN_DISCOVERY,UI+featureSpec,KEY_MATCH,Phase E detailed design required,Preference+installer behavioral tests,NO,MECHANICAL_DISCOVERY:key match only
system_batteryindicator,A14_UI_system_batteryindicator_glow,Glow,system_batteryindicator_glow,A13_UI_system_batteryindicator_glow,system_batteryindicator_glow,SUBOPTION,PRESENT_A13_VARIANT,UPSTREAM_INTENT_EQUIVALENT,YES,YES,LOW,P2,E4,NO,UNKNOWN_DISCOVERY,UNKNOWN_DISCOVERY,UNKNOWN_DISCOVERY,UI+featureSpec,KEY_MATCH,Phase E detailed design required,Preference+installer behavioral tests,NO,SEMANTICALLY_VERIFIED:shared ui key + a14/a13 implementation reads + same node family
system_batteryindicator,A14_UI_system_batteryindicator_height,Bar height,system_batteryindicator_height,A13_UI_system_batteryindicator_height,system_batteryindicator_height,SUBOPTION,PRESENT_A13_VARIANT,UPSTREAM_INTENT_EQUIVALENT,YES,YES,LOW,P2,E4,NO,UNKNOWN_DISCOVERY,UNKNOWN_DISCOVERY,UNKNOWN_DISCOVERY,UI+featureSpec,KEY_MATCH,Phase E detailed design required,Preference+installer behavioral tests,NO,SEMANTICALLY_VERIFIED:shared ui key + a14/a13 implementation reads + same node family
system_batteryindicator,A14_UI_system_batteryindicator_limitvis,Limited visibility,system_batteryindicator_limitvis,A13_UI_system_batteryindicator_limitvis,system_batteryindicator_limitvis,ACTIONABLE_FEATURE,PRESENT_A13_VARIANT,UPSTREAM_INTENT_EQUIVALENT,YES,YES,LOW,P2,E4,NO,UNKNOWN_DISCOVERY,UNKNOWN_DISCOVERY,UNKNOWN_DISCOVERY,UI+featureSpec,KEY_MATCH,Phase E detailed design required,Preference+installer behavioral tests,NO,SEMANTICALLY_VERIFIED:shared ui key + a14/a13 implementation reads + same node family
system_batteryindicator,A14_UI_system_batteryindicator_lowlevel,Low charge level,system_batteryindicator_lowlevel,A13_UI_system_batteryindicator_lowlevel,system_batteryindicator_lowlevel,SUBOPTION,PRESENT_A13_VARIANT,UPSTREAM_INTENT_EQUIVALENT,YES,YES,LOW,P2,E4,NO,UNKNOWN_DISCOVERY,UNKNOWN_DISCOVERY,UNKNOWN_DISCOVERY,UI+featureSpec,KEY_MATCH,Phase E detailed design required,Preference+installer behavioral tests,NO,SEMANTICALLY_VERIFIED:shared ui key + a14/a13 implementation reads + same node family
system_batteryindicator,A14_UI_system_batteryindicator_padding,Horizontal padding,system_batteryindicator_padding,A13_UI_system_batteryindicator_padding,system_batteryindicator_padding,SUBOPTION,PRESENT_A13_VARIANT,UPSTREAM_INTENT_EQUIVALENT,YES,YES,LOW,P2,E4,NO,UNKNOWN_DISCOVERY,UNKNOWN_DISCOVERY,UNKNOWN_DISCOVERY,UI+featureSpec,KEY_MATCH,Phase E detailed design required,Preference+installer behavioral tests,NO,SEMANTICALLY_VERIFIED:shared ui key + a14/a13 implementation reads + same node family
system_batteryindicator,A14_UI_system_batteryindicator_rounded,Rounded ends,system_batteryindicator_rounded,A13_UI_system_batteryindicator_rounded,system_batteryindicator_rounded,ACTIONABLE_FEATURE,PRESENT_A13_VARIANT,UPSTREAM_INTENT_EQUIVALENT,YES,YES,LOW,P2,E4,NO,UNKNOWN_DISCOVERY,UNKNOWN_DISCOVERY,UNKNOWN_DISCOVERY,UI+featureSpec,KEY_MATCH,Phase E detailed design required,Preference+installer behavioral tests,NO,SEMANTICALLY_VERIFIED:shared ui key + a14/a13 implementation reads + same node family
system_batteryindicator,A14_UI_system_batteryindicator_test,Test,system_batteryindicator_test,A13_UI_system_batteryindicator_test,system_batteryindicator_test,ACTIONABLE_FEATURE,INSUFFICIENT_EVIDENCE,INSUFFICIENT_EVIDENCE,YES,NO,MEDIUM,P1,E4,NO,UNKNOWN_DISCOVERY,UNKNOWN_DISCOVERY,UNKNOWN_DISCOVERY,UI+featureSpec,KEY_MATCH,Phase E detailed design required,Preference+installer behavioral tests,NO,MECHANICAL_DISCOVERY:key match only
system_batteryindicator,A14_UI_system_batteryindicator_transp,Transparency,system_batteryindicator_transp,A13_UI_system_batteryindicator_transp,system_batteryindicator_transp,SUBOPTION,PRESENT_A13_VARIANT,UPSTREAM_INTENT_EQUIVALENT,YES,YES,LOW,P2,E4,NO,UNKNOWN_DISCOVERY,UNKNOWN_DISCOVERY,UNKNOWN_DISCOVERY,UI+featureSpec,KEY_MATCH,Phase E detailed design required,Preference+installer behavioral tests,NO,SEMANTICALLY_VERIFIED:shared ui key + a14/a13 implementation reads + same node family
system,BetterPopupsAllowFloatFeatureId,Better Popups Allow Float,system_betterpopups_allowfloat,A13_UI_system_betterpopups_allowfloat,system_betterpopups_allowfloat,ACTIONABLE_FEATURE,PRESENT_A13_VARIANT,UPSTREAM_INTENT_EQUIVALENT,YES,YES,LOW,P2,E4,NO,UNKNOWN_DISCOVERY,SYSTEM_UI,UNKNOWN_DISCOVERY,UI+featureSpec,KEY_MATCH,Phase E detailed design required,Preference+installer behavioral tests,NO,SEMANTICALLY_VERIFIED:shared ui key + a14/a13 implementation reads + same node family
system,AutoDismissExpandedPopupsFeatureId,Auto Dismiss Expanded Popups,system_betterpopups_autoclose_expanded,A13_UI_system_betterpopups_autoclose_expanded,system_betterpopups_autoclose_expanded,ACTIONABLE_FEATURE,PRESENT_A13_VARIANT,UPSTREAM_INTENT_EQUIVALENT,YES,YES,LOW,P2,E4,NO,UNKNOWN_DISCOVERY,SYSTEM_UI,UNKNOWN_DISCOVERY,UI+featureSpec,KEY_MATCH,Phase E detailed design required,Preference+installer behavioral tests,NO,SEMANTICALLY_VERIFIED:shared ui key + a14/a13 implementation reads + same node family
system,BetterPopupsCenteredFeatureId,Better Popups Centered,system_betterpopups_center,A13_UI_system_betterpopups_center,system_betterpopups_center,ACTIONABLE_FEATURE,PRESENT_A13_VARIANT,UPSTREAM_INTENT_EQUIVALENT,YES,YES,LOW,P2,E4,NO,UNKNOWN_DISCOVERY,SYSTEM_UI,UNKNOWN_DISCOVERY,UI+featureSpec,KEY_MATCH,Phase E detailed design required,Preference+installer behavioral tests,NO,SEMANTICALLY_VERIFIED:shared ui key + a14/a13 implementation reads + same node family
system,BetterPopupsHideDelayFeatureId,Better Popups Hide Delay,system_betterpopups_delay,A13_UI_system_betterpopups_delay,system_betterpopups_delay,SUBOPTION,PRESENT_A13_VARIANT,UPSTREAM_INTENT_EQUIVALENT,YES,YES,LOW,P2,E4,NO,UNKNOWN_DISCOVERY,SYSTEM_UI,UNKNOWN_DISCOVERY,UI+featureSpec,KEY_MATCH,Phase E detailed design required,Preference+installer behavioral tests,NO,SEMANTICALLY_VERIFIED:shared ui key + a14/a13 implementation reads + same node family
system,DisableHeadsUpWhenMuteFeatureId,Disable Heads Up When Mute,system_betterpopups_disablewhenmute,A13_UI_system_betterpopups_disablewhenmute,system_betterpopups_disablewhenmute,ACTIONABLE_FEATURE,PRESENT_A13_VARIANT,UPSTREAM_INTENT_EQUIVALENT,YES,YES,LOW,P2,E4,NO,UNKNOWN_DISCOVERY,SYSTEM_UI,UNKNOWN_DISCOVERY,UI+featureSpec,KEY_MATCH,Phase E detailed design required,Preference+installer behavioral tests,NO,SEMANTICALLY_VERIFIED:shared ui key + a14/a13 implementation reads + same node family
system,BetterPopupsNoHideFeatureId,Better Popups No Hide,system_betterpopups_nohide,A13_UI_system_betterpopups_nohide,system_betterpopups_nohide,ACTIONABLE_FEATURE,PRESENT_A13_VARIANT,UPSTREAM_INTENT_EQUIVALENT,YES,YES,LOW,P2,E4,NO,UNKNOWN_DISCOVERY,SYSTEM_UI,UNKNOWN_DISCOVERY,UI+featureSpec,KEY_MATCH,Phase E detailed design required,Preference+installer behavioral tests,NO,SEMANTICALLY_VERIFIED:shared ui key + a14/a13 implementation reads + same node family
system,SelectiveToastsFeatureId,Selective Toasts,system_blocktoasts,A13_UI_system_blocktoasts,system_blocktoasts,SUBOPTION,PRESENT_A13_VARIANT,UPSTREAM_INTENT_EQUIVALENT,YES,YES,LOW,P2,E4,NO,UNKNOWN_DISCOVERY,SYSTEM_SERVER,UNKNOWN_DISCOVERY,UI+featureSpec,KEY_MATCH,Phase E detailed design required,Preference+installer behavioral tests,NO,SEMANTICALLY_VERIFIED:shared ui key + a14/a13 implementation reads + same node family
system,A14_UI_system_calendar_app,Calendar app,system_calendar_app,A13_UI_system_calendar_app,system_calendar_app,ACTIONABLE_FEATURE,PRESENT_A13_VARIANT,UPSTREAM_INTENT_EQUIVALENT,YES,YES,LOW,P2,E4,NO,UNKNOWN_DISCOVERY,UNKNOWN_DISCOVERY,UNKNOWN_DISCOVERY,UI+featureSpec,KEY_MATCH,Phase E detailed design required,Preference+installer behavioral tests,NO,SEMANTICALLY_VERIFIED:shared ui key + a14/a13 implementation reads + same node family
system_controlcenter_themestyle,A14_UI_system_cc_btandtorch_ascard,Display bluetooth and flashlight tiles as cards,system_cc_btandtorch_ascard,,,ACTIONABLE_FEATURE,MISSING_IN_A13,A14_NEW_FEATURE,YES,NO,HIGH,P1,E4,NO,UNKNOWN_DISCOVERY,UNKNOWN_DISCOVERY,UNKNOWN_DISCOVERY,UI+featureSpec,NO_KEY,Phase E detailed design required,Preference+installer behavioral tests,NO,No A13 UI/schema key
system_controlcenter_themestyle,A14_UI_system_cc_card_enabled_color,Enabled card tile,system_cc_card_enabled_color,,,ACTIONABLE_FEATURE,MISSING_IN_A13,A14_NEW_FEATURE,YES,NO,HIGH,P1,E4,NO,UNKNOWN_DISCOVERY,UNKNOWN_DISCOVERY,UNKNOWN_DISCOVERY,UI+featureSpec,NO_KEY,Phase E detailed design required,Preference+installer behavioral tests,NO,No A13 UI/schema key
system_controlcenter_themestyle,A14_UI_system_cc_card_enabled_color_custom,Background color,system_cc_card_enabled_color_custom,,,ACTIONABLE_FEATURE,MISSING_IN_A13,A14_NEW_FEATURE,YES,NO,HIGH,P1,E4,NO,UNKNOWN_DISCOVERY,UNKNOWN_DISCOVERY,UNKNOWN_DISCOVERY,UI+featureSpec,NO_KEY,Phase E detailed design required,Preference+installer behavioral tests,NO,No A13 UI/schema key
system_controlcenter_themestyle,A14_UI_system_cc_card_enabled_iconcolor_custom,Icon color,system_cc_card_enabled_iconcolor_custom,,,ACTIONABLE_FEATURE,MISSING_IN_A13,A14_NEW_FEATURE,YES,NO,HIGH,P1,E4,NO,UNKNOWN_DISCOVERY,UNKNOWN_DISCOVERY,UNKNOWN_DISCOVERY,UI+featureSpec,NO_KEY,Phase E detailed design required,Preference+installer behavioral tests,NO,No A13 UI/schema key
system_controlcenter_themestyle,A14_UI_system_cc_card_enabled_primary_textcolor,Primary text color,system_cc_card_enabled_primary_textcolor,,,ACTIONABLE_FEATURE,MISSING_IN_A13,A14_NEW_FEATURE,YES,NO,HIGH,P1,E4,NO,UNKNOWN_DISCOVERY,UNKNOWN_DISCOVERY,UNKNOWN_DISCOVERY,UI+featureSpec,NO_KEY,Phase E detailed design required,Preference+installer behavioral tests,NO,No A13 UI/schema key
system_controlcenter_themestyle,A14_UI_system_cc_card_enabled_secondary_textcolor,Secondary text color,system_cc_card_enabled_secondary_textcolor,,,ACTIONABLE_FEATURE,MISSING_IN_A13,A14_NEW_FEATURE,YES,NO,HIGH,P1,E4,NO,UNKNOWN_DISCOVERY,UNKNOWN_DISCOVERY,UNKNOWN_DISCOVERY,UI+featureSpec,NO_KEY,Phase E detailed design required,Preference+installer behavioral tests,NO,No A13 UI/schema key
system_controlcenter_clock,CcClockCenterAlignFeatureId,CC Clock Center Align,system_cc_clock_centeralign,,,ACTIONABLE_FEATURE,MISSING_IN_A13,A14_NEW_FEATURE,YES,NO,HIGH,P1,E4,NO,UNKNOWN_DISCOVERY,SYSTEM_UI,UNKNOWN_DISCOVERY,UI+featureSpec,NO_KEY,Phase E detailed design required,Preference+installer behavioral tests,NO,No A13 UI/schema key
system_controlcenter_clock,A14_UI_system_cc_clock_customformat,Set format,system_cc_clock_customformat,A13_UI_system_cc_clock_customformat,system_cc_clock_customformat,ACTIONABLE_FEATURE,PRESENT_A13_VARIANT,UPSTREAM_INTENT_EQUIVALENT,YES,YES,LOW,P2,E4,NO,UNKNOWN_DISCOVERY,UNKNOWN_DISCOVERY,UNKNOWN_DISCOVERY,UI+featureSpec,KEY_MATCH,Phase E detailed design required,Preference+installer behavioral tests,NO,SEMANTICALLY_VERIFIED:shared ui key + a14/a13 implementation reads + same node family
system_controlcenter_clock,A14_UI_system_cc_clock_fontsize,Font size,system_cc_clock_fontsize,A13_UI_system_cc_clock_fontsize,system_cc_clock_fontsize,SUBOPTION,PRESENT_A13_VARIANT,UPSTREAM_INTENT_EQUIVALENT,YES,YES,LOW,P2,E4,NO,UNKNOWN_DISCOVERY,UNKNOWN_DISCOVERY,UNKNOWN_DISCOVERY,UI+featureSpec,KEY_MATCH,Phase E detailed design required,Preference+installer behavioral tests,NO,SEMANTICALLY_VERIFIED:shared ui key + a14/a13 implementation reads + same node family
system_controlcenter_clock,A14_UI_system_cc_clock_verticaloffset,Vertical offset,system_cc_clock_verticaloffset,A13_UI_system_cc_clock_verticaloffset,system_cc_clock_verticaloffset,SUBOPTION,PRESENT_A13_VARIANT,UPSTREAM_INTENT_EQUIVALENT,YES,YES,LOW,P2,E4,NO,UNKNOWN_DISCOVERY,UNKNOWN_DISCOVERY,UNKNOWN_DISCOVERY,UI+featureSpec,KEY_MATCH,Phase E detailed design required,Preference+installer behavioral tests,NO,SEMANTICALLY_VERIFIED:shared ui key + a14/a13 implementation reads + same node family
system_controlcenter_clock,CcClockTweakFeatureId,CC Clock Tweak,system_cc_clocktweak,A13_UI_system_cc_clocktweak,system_cc_clocktweak,ACTIONABLE_FEATURE,PRESENT_A13_VARIANT,UPSTREAM_INTENT_EQUIVALENT,YES,YES,LOW,P2,E4,NO,UNKNOWN_DISCOVERY,SYSTEM_UI,UNKNOWN_DISCOVERY,UI+featureSpec,KEY_MATCH,Phase E detailed design required,Preference+installer behavioral tests,NO,SEMANTICALLY_VERIFIED:shared ui key + a14/a13 implementation reads + same node family
system,CollapseCCAfterClickFeatureId,Collapse CC After Click,system_cc_collapse_after_clicked,A13_UI_system_cc_collapse_after_clicked,system_cc_collapse_after_clicked,ACTIONABLE_FEATURE,PRESENT_A13_VARIANT,UPSTREAM_INTENT_EQUIVALENT,YES,YES,LOW,P2,E4,NO,UNKNOWN_DISCOVERY,SYSTEM_UI,UNKNOWN_DISCOVERY,UI+featureSpec,KEY_MATCH,Phase E detailed design required,Preference+installer behavioral tests,NO,SEMANTICALLY_VERIFIED:shared ui key + a14/a13 implementation reads + same node family
system,A14_UI_system_cc_dateformat,Custom date format,system_cc_dateformat,A13_UI_system_cc_dateformat,system_cc_dateformat,ACTIONABLE_FEATURE,PRESENT_A13_VARIANT,UPSTREAM_INTENT_EQUIVALENT,YES,YES,LOW,P2,E4,NO,UNKNOWN_DISCOVERY,UNKNOWN_DISCOVERY,UNKNOWN_DISCOVERY,UI+featureSpec,KEY_MATCH,Phase E detailed design required,Preference+installer behavioral tests,NO,SEMANTICALLY_VERIFIED:shared ui key + a14/a13 implementation reads + same node family
system,A14_UI_system_cc_enable_style_switch,Force Enable CC style switch,system_cc_enable_style_switch,A13_UI_system_cc_enable_style_switch,system_cc_enable_style_switch,ACTIONABLE_FEATURE,PRESENT_A13_VARIANT,UPSTREAM_INTENT_EQUIVALENT,YES,YES,LOW,P2,E4,NO,UNKNOWN_DISCOVERY,UNKNOWN_DISCOVERY,UNKNOWN_DISCOVERY,UI+featureSpec,KEY_MATCH,Phase E detailed design required,Preference+installer behavioral tests,NO,SEMANTICALLY_VERIFIED:shared ui key + a14/a13 implementation reads + same node family
system,A14_UI_system_cc_floatingtimetile,Show floating time tile,system_cc_floatingtimetile,,,ACTIONABLE_FEATURE,MISSING_IN_A13,A14_NEW_FEATURE,YES,NO,HIGH,P1,E4,NO,UNKNOWN_DISCOVERY,UNKNOWN_DISCOVERY,UNKNOWN_DISCOVERY,UI+featureSpec,NO_KEY,Phase E detailed design required,Preference+installer behavioral tests,NO,No A13 UI/schema key
system,A14_UI_system_cc_fpstile,Show refresh rate tile,system_cc_fpstile,A13_UI_system_cc_fpstile,system_cc_fpstile,ACTIONABLE_FEATURE,PRESENT_A13_VARIANT,UPSTREAM_INTENT_EQUIVALENT,YES,YES,LOW,P2,E4,NO,UNKNOWN_DISCOVERY,UNKNOWN_DISCOVERY,UNKNOWN_DISCOVERY,UI+featureSpec,KEY_MATCH,Phase E detailed design required,Preference+installer behavioral tests,NO,SEMANTICALLY_VERIFIED:shared ui key + a14/a13 implementation reads + same node family
system,LongClickTileOpenInFreeFormFeatureId,Long Click Tile Open In Free Form,system_cc_freeform_when_longclick,,,ACTIONABLE_FEATURE,MISSING_IN_A13,A14_NEW_FEATURE,YES,NO,HIGH,P1,E4,NO,UNKNOWN_DISCOVERY,SYSTEM_UI,UNKNOWN_DISCOVERY,UI+featureSpec,NO_KEY,Phase E detailed design required,Preference+installer behavioral tests,NO,No A13 UI/schema key
system,A14_UI_system_cc_hide_edit,Hide edit button,system_cc_hide_edit,,,ACTIONABLE_FEATURE,MISSING_IN_A13,A14_NEW_FEATURE,YES,NO,HIGH,P1,E4,NO,UNKNOWN_DISCOVERY,UNKNOWN_DISCOVERY,UNKNOWN_DISCOVERY,UI+featureSpec,NO_KEY,Phase E detailed design required,Preference+installer behavioral tests,NO,No A13 UI/schema key
system,A14_UI_system_cc_hide_profile_monitoring,Hide security tips,system_cc_hide_profile_monitoring,,,ACTIONABLE_FEATURE,MISSING_IN_A13,A14_NEW_FEATURE,YES,NO,HIGH,P1,E4,NO,UNKNOWN_DISCOVERY,UNKNOWN_DISCOVERY,UNKNOWN_DISCOVERY,UI+featureSpec,NO_KEY,Phase E detailed design required,Preference+installer behavioral tests,NO,No A13 UI/schema key
system,A14_UI_system_cc_hidedate,Hide date,system_cc_hidedate,A13_UI_system_cc_hidedate,system_cc_hidedate,ACTIONABLE_FEATURE,PRESENT_A13_VARIANT,UPSTREAM_INTENT_EQUIVALENT,YES,YES,LOW,P2,E4,NO,UNKNOWN_DISCOVERY,UNKNOWN_DISCOVERY,UNKNOWN_DISCOVERY,UI+featureSpec,KEY_MATCH,Phase E detailed design required,Preference+installer behavioral tests,NO,SEMANTICALLY_VERIFIED:shared ui key + a14/a13 implementation reads + same node family
system,A14_UI_system_cc_hideoperator_delimiter,Hide delimiter between carrier name,system_cc_hideoperator_delimiter,A13_UI_system_cc_hideoperator_delimiter,system_cc_hideoperator_delimiter,ACTIONABLE_FEATURE,PRESENT_A13_VARIANT,UPSTREAM_INTENT_EQUIVALENT,YES,YES,LOW,P2,E4,NO,UNKNOWN_DISCOVERY,UNKNOWN_DISCOVERY,UNKNOWN_DISCOVERY,UI+featureSpec,KEY_MATCH,Phase E detailed design required,Preference+installer behavioral tests,NO,SEMANTICALLY_VERIFIED:shared ui key + a14/a13 implementation reads + same node family
system,A14_UI_system_cc_show_stepcount,Show step count,system_cc_show_stepcount,A13_UI_system_cc_show_stepcount,system_cc_show_stepcount,ACTIONABLE_FEATURE,PRESENT_A13_VARIANT,UPSTREAM_INTENT_EQUIVALENT,YES,YES,LOW,P2,E4,NO,UNKNOWN_DISCOVERY,UNKNOWN_DISCOVERY,UNKNOWN_DISCOVERY,UI+featureSpec,KEY_MATCH,Phase E detailed design required,Preference+installer behavioral tests,NO,SEMANTICALLY_VERIFIED:shared ui key + a14/a13 implementation reads + same node family
system_controlcenter_themestyle,A14_UI_system_cc_slider_color_enable,Toggle slider,system_cc_slider_color_enable,,,ACTIONABLE_FEATURE,MISSING_IN_A13,A14_NEW_FEATURE,YES,NO,HIGH,P1,E4,NO,UNKNOWN_DISCOVERY,UNKNOWN_DISCOVERY,UNKNOWN_DISCOVERY,UI+featureSpec,NO_KEY,Phase E detailed design required,Preference+installer behavioral tests,NO,No A13 UI/schema key
system_controlcenter_themestyle,A14_UI_system_cc_slider_icon_color,Icon color,system_cc_slider_icon_color,,,ACTIONABLE_FEATURE,MISSING_IN_A13,A14_NEW_FEATURE,YES,NO,HIGH,P1,E4,NO,UNKNOWN_DISCOVERY,UNKNOWN_DISCOVERY,UNKNOWN_DISCOVERY,UI+featureSpec,NO_KEY,Phase E detailed design required,Preference+installer behavioral tests,NO,No A13 UI/schema key
system_controlcenter_themestyle,A14_UI_system_cc_slider_progress_color,Progress color,system_cc_slider_progress_color,,,ACTIONABLE_FEATURE,MISSING_IN_A13,A14_NEW_FEATURE,YES,NO,HIGH,P1,E4,NO,UNKNOWN_DISCOVERY,UNKNOWN_DISCOVERY,UNKNOWN_DISCOVERY,UI+featureSpec,NO_KEY,Phase E detailed design required,Preference+installer behavioral tests,NO,No A13 UI/schema key
system,SwitchCCAndNotificationFeatureId,Switch CC And Notification,system_cc_switch_qsandnotification,A13_UI_system_cc_switch_qsandnotification,system_cc_switch_qsandnotification,ACTIONABLE_FEATURE,PRESENT_A13_VARIANT,UPSTREAM_INTENT_EQUIVALENT,YES,YES,LOW,P2,E4,NO,UNKNOWN_DISCOVERY,SYSTEM_UI,UNKNOWN_DISCOVERY,UI+featureSpec,KEY_MATCH,Phase E detailed design required,Preference+installer behavioral tests,NO,SEMANTICALLY_VERIFIED:shared ui key + a14/a13 implementation reads + same node family
system_controlcenter_themestyle,A14_UI_system_cc_tile_enabled_color,Enabled tile,system_cc_tile_enabled_color,,,ACTIONABLE_FEATURE,MISSING_IN_A13,A14_NEW_FEATURE,YES,NO,HIGH,P1,E4,NO,UNKNOWN_DISCOVERY,UNKNOWN_DISCOVERY,UNKNOWN_DISCOVERY,UI+featureSpec,NO_KEY,Phase E detailed design required,Preference+installer behavioral tests,NO,No A13 UI/schema key
system_controlcenter_themestyle,A14_UI_system_cc_tile_enabled_color_custom,Background color,system_cc_tile_enabled_color_custom,,,ACTIONABLE_FEATURE,MISSING_IN_A13,A14_NEW_FEATURE,YES,NO,HIGH,P1,E4,NO,UNKNOWN_DISCOVERY,UNKNOWN_DISCOVERY,UNKNOWN_DISCOVERY,UI+featureSpec,NO_KEY,Phase E detailed design required,Preference+installer behavioral tests,NO,No A13 UI/schema key
system_controlcenter_themestyle,A14_UI_system_cc_tile_enabled_color_usemonet,Dynamic color,system_cc_tile_enabled_color_usemonet,,,ACTIONABLE_FEATURE,MISSING_IN_A13,A14_NEW_FEATURE,YES,NO,HIGH,P1,E4,NO,UNKNOWN_DISCOVERY,UNKNOWN_DISCOVERY,UNKNOWN_DISCOVERY,UI+featureSpec,NO_KEY,Phase E detailed design required,Preference+installer behavioral tests,NO,No A13 UI/schema key
system_controlcenter_themestyle,A14_UI_system_cc_tile_enabled_iconcolor_custom,Icon color,system_cc_tile_enabled_iconcolor_custom,,,ACTIONABLE_FEATURE,MISSING_IN_A13,A14_NEW_FEATURE,YES,NO,HIGH,P1,E4,NO,UNKNOWN_DISCOVERY,UNKNOWN_DISCOVERY,UNKNOWN_DISCOVERY,UI+featureSpec,NO_KEY,Phase E detailed design required,Preference+installer behavioral tests,NO,No A13 UI/schema key
system_controlcenter_themestyle,A14_UI_system_cc_tile_roundedrect,Rounded rectangle tile,system_cc_tile_roundedrect,A13_UI_system_cc_tile_roundedrect,system_cc_tile_roundedrect,ACTIONABLE_FEATURE,PRESENT_A13_VARIANT,UPSTREAM_INTENT_EQUIVALENT,YES,YES,LOW,P2,E4,NO,UNKNOWN_DISCOVERY,UNKNOWN_DISCOVERY,UNKNOWN_DISCOVERY,UI+featureSpec,KEY_MATCH,Phase E detailed design required,Preference+installer behavioral tests,NO,SEMANTICALLY_VERIFIED:shared ui key + a14/a13 implementation reads + same node family
system,A14_UI_system_cc_volume_showpct,Show volume percentage,system_cc_volume_showpct,A13_UI_system_cc_volume_showpct,system_cc_volume_showpct,ACTIONABLE_FEATURE,PRESENT_A13_VARIANT,UPSTREAM_INTENT_EQUIVALENT,YES,YES,LOW,P2,E4,NO,UNKNOWN_DISCOVERY,UNKNOWN_DISCOVERY,UNKNOWN_DISCOVERY,UI+featureSpec,KEY_MATCH,Phase E detailed design required,Preference+installer behavioral tests,NO,SEMANTICALLY_VERIFIED:shared ui key + a14/a13 implementation reads + same node family
system,A14_UI_system_ccgridcolumns,Number of columns,system_ccgridcolumns,A13_UI_system_ccgridcolumns,system_ccgridcolumns,SUBOPTION,PRESENT_A13_VARIANT,UPSTREAM_INTENT_EQUIVALENT,YES,YES,LOW,P2,E4,NO,UNKNOWN_DISCOVERY,UNKNOWN_DISCOVERY,UNKNOWN_DISCOVERY,UI+featureSpec,KEY_MATCH,Phase E detailed design required,Preference+installer behavioral tests,NO,SEMANTICALLY_VERIFIED:shared ui key + a14/a13 implementation reads + same node family
system,ChargeAnimationFeatureId,Charge Animation,system_chargeanimtime,A13_UI_system_chargeanimtime,system_chargeanimtime,SUBOPTION,PRESENT_A13_VARIANT,UPSTREAM_INTENT_EQUIVALENT,YES,YES,LOW,P2,E4,NO,UNKNOWN_DISCOVERY,SYSTEM_UI,UNKNOWN_DISCOVERY,UI+featureSpec,KEY_MATCH,Phase E detailed design required,Preference+installer behavioral tests,NO,SEMANTICALLY_VERIFIED:shared ui key + a14/a13 implementation reads + same node family
system_charginginfo,ChargingInfoFeatureId,Charging Info,system_charginginfo,A13_UI_system_charginginfo,system_charginginfo,ACTIONABLE_FEATURE,PRESENT_A13_VARIANT,UPSTREAM_INTENT_EQUIVALENT,YES,YES,LOW,P2,E4,NO,UNKNOWN_DISCOVERY,SYSTEM_UI,UNKNOWN_DISCOVERY,UI+featureSpec,KEY_MATCH,Phase E detailed design required,Preference+installer behavioral tests,NO,SEMANTICALLY_VERIFIED:shared ui key + a14/a13 implementation reads + same node family
system_charginginfo,A14_UI_system_charginginfo_current,Charging current,system_charginginfo_current,A13_UI_system_charginginfo_current,system_charginginfo_current,ACTIONABLE_FEATURE,PRESENT_A13_VARIANT,UPSTREAM_INTENT_EQUIVALENT,YES,YES,LOW,P2,E4,NO,UNKNOWN_DISCOVERY,UNKNOWN_DISCOVERY,UNKNOWN_DISCOVERY,UI+featureSpec,KEY_MATCH,Phase E detailed design required,Preference+installer behavioral tests,NO,SEMANTICALLY_VERIFIED:shared ui key + a14/a13 implementation reads + same node family
system_charginginfo,A14_UI_system_charginginfo_fontsize,Lock screen charging text size,system_charginginfo_fontsize,,,SUBOPTION,MISSING_IN_A13,A14_NEW_FEATURE,YES,NO,HIGH,P1,E4,NO,UNKNOWN_DISCOVERY,UNKNOWN_DISCOVERY,UNKNOWN_DISCOVERY,UI+featureSpec,NO_KEY,Phase E detailed design required,Preference+installer behavioral tests,NO,No A13 UI/schema key
system_charginginfo,A14_UI_system_charginginfo_temp,Battery temperature,system_charginginfo_temp,A13_UI_system_charginginfo_temp,system_charginginfo_temp,ACTIONABLE_FEATURE,PRESENT_A13_VARIANT,UPSTREAM_INTENT_EQUIVALENT,YES,YES,LOW,P2,E4,NO,UNKNOWN_DISCOVERY,UNKNOWN_DISCOVERY,UNKNOWN_DISCOVERY,UI+featureSpec,KEY_MATCH,Phase E detailed design required,Preference+installer behavioral tests,NO,SEMANTICALLY_VERIFIED:shared ui key + a14/a13 implementation reads + same node family
system_charginginfo,A14_UI_system_charginginfo_view,How to display,system_charginginfo_view,A13_UI_system_charginginfo_view,system_charginginfo_view,SUBOPTION,PRESENT_A13_VARIANT,UPSTREAM_INTENT_EQUIVALENT,YES,YES,LOW,P2,E4,NO,UNKNOWN_DISCOVERY,UNKNOWN_DISCOVERY,UNKNOWN_DISCOVERY,UI+featureSpec,KEY_MATCH,Phase E detailed design required,Preference+installer behavioral tests,NO,SEMANTICALLY_VERIFIED:shared ui key + a14/a13 implementation reads + same node family
system_charginginfo,A14_UI_system_charginginfo_voltage,Battery voltage,system_charginginfo_voltage,A13_UI_system_charginginfo_voltage,system_charginginfo_voltage,ACTIONABLE_FEATURE,PRESENT_A13_VARIANT,UPSTREAM_INTENT_EQUIVALENT,YES,YES,LOW,P2,E4,NO,UNKNOWN_DISCOVERY,UNKNOWN_DISCOVERY,UNKNOWN_DISCOVERY,UI+featureSpec,KEY_MATCH,Phase E detailed design required,Preference+installer behavioral tests,NO,SEMANTICALLY_VERIFIED:shared ui key + a14/a13 implementation reads + same node family
system_charginginfo,A14_UI_system_charginginfo_wattage,Power consumption,system_charginginfo_wattage,A13_UI_system_charginginfo_wattage,system_charginginfo_wattage,ACTIONABLE_FEATURE,PRESENT_A13_VARIANT,UPSTREAM_INTENT_EQUIVALENT,YES,YES,LOW,P2,E4,NO,UNKNOWN_DISCOVERY,UNKNOWN_DISCOVERY,UNKNOWN_DISCOVERY,UI+featureSpec,KEY_MATCH,Phase E detailed design required,Preference+installer behavioral tests,NO,SEMANTICALLY_VERIFIED:shared ui key + a14/a13 implementation reads + same node family
system,CleanOpenWithMenuServiceFeatureId,Clean Open With Menu Service,system_cleanopenwith,A13_UI_system_cleanopenwith,system_cleanopenwith,ACTIONABLE_FEATURE,PRESENT_A13_VARIANT,UPSTREAM_INTENT_EQUIVALENT,YES,YES,LOW,P2,E4,NO,UNKNOWN_DISCOVERY,SYSTEM_SERVER,UNKNOWN_DISCOVERY,UI+featureSpec,KEY_MATCH,Phase E detailed design required,Preference+installer behavioral tests,NO,SEMANTICALLY_VERIFIED:shared ui key + a14/a13 implementation reads + same node family
system,A14_UI_system_cleanopenwith_test,Test menu,system_cleanopenwith_test,A13_UI_system_cleanopenwith_test,system_cleanopenwith_test,ACTIONABLE_FEATURE,INSUFFICIENT_EVIDENCE,INSUFFICIENT_EVIDENCE,YES,NO,MEDIUM,P1,E4,NO,UNKNOWN_DISCOVERY,UNKNOWN_DISCOVERY,UNKNOWN_DISCOVERY,UI+featureSpec,KEY_MATCH,Phase E detailed design required,Preference+installer behavioral tests,NO,MECHANICAL_DISCOVERY:key match only
system,CleanShareMenuServiceFeatureId,Clean Share Menu Service,system_cleanshare,A13_UI_system_cleanshare,system_cleanshare,ACTIONABLE_FEATURE,PRESENT_A13_VARIANT,UPSTREAM_INTENT_EQUIVALENT,YES,YES,LOW,P2,E4,NO,UNKNOWN_DISCOVERY,SYSTEM_SERVER,UNKNOWN_DISCOVERY,UI+featureSpec,KEY_MATCH,Phase E detailed design required,Preference+installer behavioral tests,NO,SEMANTICALLY_VERIFIED:shared ui key + a14/a13 implementation reads + same node family
system,A14_UI_system_cleanshare_test,Test menu,system_cleanshare_test,A13_UI_system_cleanshare_test,system_cleanshare_test,ACTIONABLE_FEATURE,INSUFFICIENT_EVIDENCE,INSUFFICIENT_EVIDENCE,YES,NO,MEDIUM,P1,E4,NO,UNKNOWN_DISCOVERY,UNKNOWN_DISCOVERY,UNKNOWN_DISCOVERY,UI+featureSpec,KEY_MATCH,Phase E detailed design required,Preference+installer behavioral tests,NO,MECHANICAL_DISCOVERY:key match only
system,ClearAllTasksFeatureId,Clear All Tasks,system_clearalltasks,A13_UI_system_clearalltasks,system_clearalltasks,ACTIONABLE_FEATURE,PRESENT_A13_VARIANT,UPSTREAM_INTENT_EQUIVALENT,YES,YES,LOW,P2,E4,NO,UNKNOWN_DISCOVERY,SYSTEM_SERVER,UNKNOWN_DISCOVERY,UI+featureSpec,KEY_MATCH,Phase E detailed design required,Preference+installer behavioral tests,NO,SEMANTICALLY_VERIFIED:shared ui key + a14/a13 implementation reads + same node family
system,A14_UI_system_clock_app,Clock app,system_clock_app,A13_UI_system_clock_app,system_clock_app,ACTIONABLE_FEATURE,PRESENT_A13_VARIANT,UPSTREAM_INTENT_EQUIVALENT,YES,YES,LOW,P2,E4,NO,UNKNOWN_DISCOVERY,UNKNOWN_DISCOVERY,UNKNOWN_DISCOVERY,UI+featureSpec,KEY_MATCH,Phase E detailed design required,Preference+installer behavioral tests,NO,SEMANTICALLY_VERIFIED:shared ui key + a14/a13 implementation reads + same node family
system,ColorizeNotificationCardFeatureId,Colorize Notification Card,system_colorizenotifs,A13_UI_system_colorizenotifs,system_colorizenotifs,SUBOPTION,PRESENT_A13_VARIANT,UPSTREAM_INTENT_EQUIVALENT,YES,YES,LOW,P2,E4,NO,UNKNOWN_DISCOVERY,SYSTEM_UI,UNKNOWN_DISCOVERY,UI+featureSpec,KEY_MATCH,Phase E detailed design required,Preference+installer behavioral tests,NO,SEMANTICALLY_VERIFIED:shared ui key + a14/a13 implementation reads + same node family
system,A14_UI_system_credentials,Unlock credentials,system_credentials,A13_UI_system_credentials,system_credentials,ACTIONABLE_FEATURE,INSUFFICIENT_EVIDENCE,INSUFFICIENT_EVIDENCE,YES,NO,MEDIUM,P1,E4,NO,UNKNOWN_DISCOVERY,UNKNOWN_DISCOVERY,UNKNOWN_DISCOVERY,UI+featureSpec,KEY_MATCH,Phase E detailed design required,Preference+installer behavioral tests,NO,MECHANICAL_DISCOVERY:key match only
system_detailednetspeed,A14_UI_system_detailednetspeed_align,Horizontal alignment,system_detailednetspeed_align,A13_UI_system_detailednetspeed_align,system_detailednetspeed_align,SUBOPTION,PRESENT_A13_VARIANT,UPSTREAM_INTENT_EQUIVALENT,YES,YES,LOW,P2,E4,NO,UNKNOWN_DISCOVERY,UNKNOWN_DISCOVERY,UNKNOWN_DISCOVERY,UI+featureSpec,KEY_MATCH,Phase E detailed design required,Preference+installer behavioral tests,NO,SEMANTICALLY_VERIFIED:shared ui key + a14/a13 implementation reads + same node family
system_detailednetspeed,A14_UI_system_detailednetspeed_icon,Indicator icons,system_detailednetspeed_icon,A13_UI_system_detailednetspeed_icon,system_detailednetspeed_icon,SUBOPTION,PRESENT_A13_VARIANT,UPSTREAM_INTENT_EQUIVALENT,YES,YES,LOW,P2,E4,NO,UNKNOWN_DISCOVERY,UNKNOWN_DISCOVERY,UNKNOWN_DISCOVERY,UI+featureSpec,KEY_MATCH,Phase E detailed design required,Preference+installer behavioral tests,NO,SEMANTICALLY_VERIFIED:shared ui key + a14/a13 implementation reads + same node family
system_detailednetspeed,A14_UI_system_detailednetspeed_low,Hide low speed,system_detailednetspeed_low,A13_UI_system_detailednetspeed_low,system_detailednetspeed_low,ACTIONABLE_FEATURE,PRESENT_A13_VARIANT,UPSTREAM_INTENT_EQUIVALENT,YES,YES,LOW,P2,E4,NO,UNKNOWN_DISCOVERY,UNKNOWN_DISCOVERY,UNKNOWN_DISCOVERY,UI+featureSpec,KEY_MATCH,Phase E detailed design required,Preference+installer behavioral tests,NO,SEMANTICALLY_VERIFIED:shared ui key + a14/a13 implementation reads + same node family
system_detailednetspeed,A14_UI_system_detailednetspeed_lowlevel,Low speed level,system_detailednetspeed_lowlevel,A13_UI_system_detailednetspeed_lowlevel,system_detailednetspeed_lowlevel,SUBOPTION,PRESENT_A13_VARIANT,UPSTREAM_INTENT_EQUIVALENT,YES,YES,LOW,P2,E4,NO,UNKNOWN_DISCOVERY,UNKNOWN_DISCOVERY,UNKNOWN_DISCOVERY,UI+featureSpec,KEY_MATCH,Phase E detailed design required,Preference+installer behavioral tests,NO,SEMANTICALLY_VERIFIED:shared ui key + a14/a13 implementation reads + same node family
system_detailednetspeed,A14_UI_system_detailednetspeed_secunit,Hide Byte per second suffix(B/s),system_detailednetspeed_secunit,A13_UI_system_detailednetspeed_secunit,system_detailednetspeed_secunit,ACTIONABLE_FEATURE,PRESENT_A13_VARIANT,UPSTREAM_INTENT_EQUIVALENT,YES,YES,LOW,P2,E4,NO,UNKNOWN_DISCOVERY,UNKNOWN_DISCOVERY,UNKNOWN_DISCOVERY,UI+featureSpec,KEY_MATCH,Phase E detailed design required,Preference+installer behavioral tests,NO,SEMANTICALLY_VERIFIED:shared ui key + a14/a13 implementation reads + same node family
system_detailednetspeed,NetSpeedStyleFeatureId,Net Speed Style,system_detailednetspeed_style,,,SUBOPTION,MISSING_IN_A13,A14_NEW_FEATURE,YES,NO,HIGH,P1,E4,NO,UNKNOWN_DISCOVERY,SYSTEM_UI,UNKNOWN_DISCOVERY,UI+featureSpec,NO_KEY,Phase E detailed design required,Preference+installer behavioral tests,NO,No A13 UI/schema key
system,ScreenDimTimeFeatureId,Screen Dim Time,system_dimtime,A13_UI_system_dimtime,system_dimtime,SUBOPTION,PRESENT_A13_VARIANT,UPSTREAM_INTENT_EQUIVALENT,YES,YES,LOW,P2,E4,NO,UNKNOWN_DISCOVERY,SYSTEM_SERVER,UNKNOWN_DISCOVERY,UI+featureSpec,KEY_MATCH,Phase E detailed design required,Preference+installer behavioral tests,NO,SEMANTICALLY_VERIFIED:shared ui key + a14/a13 implementation reads + same node family
system,DisableWindowBlursFeatureId,Disable Window Blurs,system_disable_window_blurs,,,ACTIONABLE_FEATURE,MISSING_IN_A13,A14_NEW_FEATURE,YES,NO,HIGH,P1,E4,NO,UNKNOWN_DISCOVERY,SYSTEM_SERVER,UNKNOWN_DISCOVERY,UI+featureSpec,NO_KEY,Phase E detailed design required,Preference+installer behavioral tests,NO,No A13 UI/schema key
system,DisableAnyNotificationFeatureId,Disable Any Notification,system_disableanynotif,A13_UI_system_disableanynotif,system_disableanynotif,ACTIONABLE_FEATURE,PRESENT_A13_VARIANT,UPSTREAM_INTENT_EQUIVALENT,YES,YES,LOW,P2,E4,NO,UNKNOWN_DISCOVERY,SYSTEM_UI,UNKNOWN_DISCOVERY,UI+featureSpec,KEY_MATCH,Phase E detailed design required,Preference+installer behavioral tests,NO,SEMANTICALLY_VERIFIED:shared ui key + a14/a13 implementation reads + same node family
system,DisableSystemIntegrityFeatureId,Disable System Integrity,system_disableintegrity,A13_UI_system_disableintegrity,system_disableintegrity,ACTIONABLE_FEATURE,PRESENT_A13_VARIANT,UPSTREAM_INTENT_EQUIVALENT,YES,YES,LOW,P2,E4,NO,UNKNOWN_DISCOVERY,SYSTEM_SERVER,UNKNOWN_DISCOVERY,UI+featureSpec,KEY_MATCH,Phase E detailed design required,Preference+installer behavioral tests,NO,SEMANTICALLY_VERIFIED:shared ui key + a14/a13 implementation reads + same node family
system,NoVersionCheckFeatureId,No Version Check,system_downgrade,A13_UI_system_downgrade,system_downgrade,ACTIONABLE_FEATURE,PRESENT_A13_VARIANT,UPSTREAM_INTENT_EQUIVALENT,YES,YES,LOW,P2,E4,NO,UNKNOWN_DISCOVERY,SYSTEM_SERVER,UNKNOWN_DISCOVERY,UI+featureSpec,KEY_MATCH,Phase E detailed design required,Preference+installer behavioral tests,NO,SEMANTICALLY_VERIFIED:shared ui key + a14/a13 implementation reads + same node family
system,DrawerBlurRatioFeatureId,Drawer Blur Ratio,system_drawer_blur,A13_UI_system_drawer_blur,system_drawer_blur,SUBOPTION,PRESENT_A13_VARIANT,UPSTREAM_INTENT_EQUIVALENT,YES,YES,LOW,P2,E4,NO,UNKNOWN_DISCOVERY,SYSTEM_UI,UNKNOWN_DISCOVERY,UI+featureSpec,KEY_MATCH,Phase E detailed design required,Preference+installer behavioral tests,NO,SEMANTICALLY_VERIFIED:shared ui key + a14/a13 implementation reads + same node family
system,A14_UI_system_drawer_date_centeralign,Show centered,system_drawer_date_centeralign,,,ACTIONABLE_FEATURE,MISSING_IN_A13,A14_NEW_FEATURE,YES,NO,HIGH,P1,E4,NO,UNKNOWN_DISCOVERY,UNKNOWN_DISCOVERY,UNKNOWN_DISCOVERY,UI+featureSpec,NO_KEY,Phase E detailed design required,Preference+installer behavioral tests,NO,No A13 UI/schema key
system,A14_UI_system_drawer_date_fontsize,Font size,system_drawer_date_fontsize,,,SUBOPTION,MISSING_IN_A13,A14_NEW_FEATURE,YES,NO,HIGH,P1,E4,NO,UNKNOWN_DISCOVERY,UNKNOWN_DISCOVERY,UNKNOWN_DISCOVERY,UI+featureSpec,NO_KEY,Phase E detailed design required,Preference+installer behavioral tests,NO,No A13 UI/schema key
system,A14_UI_system_drawer_dateformat,Custom date format,system_drawer_dateformat,,,ACTIONABLE_FEATURE,MISSING_IN_A13,A14_NEW_FEATURE,YES,NO,HIGH,P1,E4,NO,UNKNOWN_DISCOVERY,UNKNOWN_DISCOVERY,UNKNOWN_DISCOVERY,UI+featureSpec,NO_KEY,Phase E detailed design required,Preference+installer behavioral tests,NO,No A13 UI/schema key
system,A14_UI_system_drawer_hidedate,Hide date,system_drawer_hidedate,,,ACTIONABLE_FEATURE,MISSING_IN_A13,A14_NEW_FEATURE,YES,NO,HIGH,P1,E4,NO,UNKNOWN_DISCOVERY,UNKNOWN_DISCOVERY,UNKNOWN_DISCOVERY,UI+featureSpec,NO_KEY,Phase E detailed design required,Preference+installer behavioral tests,NO,No A13 UI/schema key
system,HideNoNotificationsFeatureId,Hide No Notifications,system_drawer_remove_emptynotify,,,ACTIONABLE_FEATURE,MISSING_IN_A13,A14_NEW_FEATURE,YES,NO,HIGH,P1,E4,NO,UNKNOWN_DISCOVERY,SYSTEM_UI,UNKNOWN_DISCOVERY,UI+featureSpec,NO_KEY,Phase E detailed design required,Preference+installer behavioral tests,NO,No A13 UI/schema key
system,HideNotificationAccessIconFeatureId,Hide Notification Access Icon,system_drawer_removeshortcut,A13_UI_system_drawer_removeshortcut,system_drawer_removeshortcut,ACTIONABLE_FEATURE,PRESENT_A13_VARIANT,UPSTREAM_INTENT_EQUIVALENT,YES,YES,LOW,P2,E4,NO,UNKNOWN_DISCOVERY,SYSTEM_UI,UNKNOWN_DISCOVERY,UI+featureSpec,KEY_MATCH,Phase E detailed design required,Preference+installer behavioral tests,NO,SEMANTICALLY_VERIFIED:shared ui key + a14/a13 implementation reads + same node family
system,DoubleTapToSleepFeatureId,Double Tap To Sleep,system_dttosleep,A13_UI_system_dttosleep,system_dttosleep,ACTIONABLE_FEATURE,PRESENT_A13_VARIANT,UPSTREAM_INTENT_EQUIVALENT,YES,YES,LOW,P2,E4,NO,UNKNOWN_DISCOVERY,SYSTEM_UI,UNKNOWN_DISCOVERY,UI+featureSpec,KEY_MATCH,Phase E detailed design required,Preference+installer behavioral tests,NO,SEMANTICALLY_VERIFIED:shared ui key + a14/a13 implementation reads + same node family
system,ExtendedPowerMenuFeatureId,Extended Power Menu,system_epm,A13_UI_system_epm,system_epm,ACTIONABLE_FEATURE,PRESENT_A13_VARIANT,UPSTREAM_INTENT_EQUIVALENT,YES,YES,LOW,P2,E4,NO,UNKNOWN_DISCOVERY,SYSTEM_UI,UNKNOWN_DISCOVERY,UI+featureSpec,KEY_MATCH,Phase E detailed design required,Preference+installer behavioral tests,NO,SEMANTICALLY_VERIFIED:shared ui key + a14/a13 implementation reads + same node family
system,ExpandHeadsUpFeatureId,Expand Heads Up,system_expandheadups,A13_UI_system_expandheadups,system_expandheadups,SUBOPTION,PRESENT_A13_VARIANT,UPSTREAM_INTENT_EQUIVALENT,YES,YES,LOW,P2,E4,NO,UNKNOWN_DISCOVERY,SYSTEM_UI,UNKNOWN_DISCOVERY,UI+featureSpec,KEY_MATCH,Phase E detailed design required,Preference+installer behavioral tests,NO,SEMANTICALLY_VERIFIED:shared ui key + a14/a13 implementation reads + same node family
system,ExpandNotificationsFeatureId,Expand Notifications,system_expandnotifs,A13_UI_system_expandnotifs,system_expandnotifs,SUBOPTION,PRESENT_A13_VARIANT,UPSTREAM_INTENT_EQUIVALENT,YES,YES,LOW,P2,E4,NO,UNKNOWN_DISCOVERY,SYSTEM_UI,UNKNOWN_DISCOVERY,UI+featureSpec,KEY_MATCH,Phase E detailed design required,Preference+installer behavioral tests,NO,SEMANTICALLY_VERIFIED:shared ui key + a14/a13 implementation reads + same node family
system,FirstVolumePressFeatureId,First Volume Press,system_firstpress,A13_UI_system_firstpress,system_firstpress,ACTIONABLE_FEATURE,PRESENT_A13_VARIANT,UPSTREAM_INTENT_EQUIVALENT,YES,YES,LOW,P2,E4,NO,UNKNOWN_DISCOVERY,SYSTEM_SERVER,UNKNOWN_DISCOVERY,UI+featureSpec,KEY_MATCH,Phase E detailed design required,Preference+installer behavioral tests,NO,SEMANTICALLY_VERIFIED:shared ui key + a14/a13 implementation reads + same node family
system,AddCustomTileFeatureId,Add Custom Tile,system_fivegtile,A13_UI_system_fivegtile,system_fivegtile,ACTIONABLE_FEATURE,PRESENT_A13_VARIANT,UPSTREAM_INTENT_EQUIVALENT,YES,YES,LOW,P2,E4,NO,UNKNOWN_DISCOVERY,SYSTEM_UI,UNKNOWN_DISCOVERY,UI+featureSpec,KEY_MATCH,Phase E detailed design required,Preference+installer behavioral tests,NO,SEMANTICALLY_VERIFIED:shared ui key + a14/a13 implementation reads + same node family
system,ForceDarkAllAppsFeatureId,Force Dark All Apps,system_force_darken_allapps,,,ACTIONABLE_FEATURE,MISSING_IN_A13,A14_NEW_FEATURE,YES,NO,HIGH,P1,E4,NO,UNKNOWN_DISCOVERY,SYSTEM_SERVER,UNKNOWN_DISCOVERY,UI+featureSpec,NO_KEY,Phase E detailed design required,Preference+installer behavioral tests,NO,No A13 UI/schema key
system,ForceCloseFeatureId,Force Close,system_forceclose,A13_UI_system_forceclose,system_forceclose,ACTIONABLE_FEATURE,PRESENT_A13_VARIANT,UPSTREAM_INTENT_EQUIVALENT,YES,YES,LOW,P2,E4,NO,UNKNOWN_DISCOVERY,SYSTEM_SERVER,UNKNOWN_DISCOVERY,UI+featureSpec,KEY_MATCH,Phase E detailed design required,Preference+installer behavioral tests,NO,SEMANTICALLY_VERIFIED:shared ui key + a14/a13 implementation reads + same node family
system,A14_UI_system_fw_forcein_actionsend,Open in floating window when sharing,system_fw_forcein_actionsend,A13_UI_system_fw_forcein_actionsend,system_fw_forcein_actionsend,ACTIONABLE_FEATURE,PRESENT_A13_VARIANT,UPSTREAM_INTENT_EQUIVALENT,YES,YES,LOW,P2,E4,NO,UNKNOWN_DISCOVERY,UNKNOWN_DISCOVERY,UNKNOWN_DISCOVERY,UI+featureSpec,KEY_MATCH,Phase E detailed design required,Preference+installer behavioral tests,NO,SEMANTICALLY_VERIFIED:shared ui key + a14/a13 implementation reads + same node family
system,A14_UI_system_fw_forcein_actionsend_in_whitelist,Turn on whitelisting,system_fw_forcein_actionsend_in_whitelist,A13_UI_system_fw_forcein_actionsend_in_whitelist,system_fw_forcein_actionsend_in_whitelist,ACTIONABLE_FEATURE,PRESENT_A13_VARIANT,UPSTREAM_INTENT_EQUIVALENT,YES,YES,LOW,P2,E4,NO,UNKNOWN_DISCOVERY,UNKNOWN_DISCOVERY,UNKNOWN_DISCOVERY,UI+featureSpec,KEY_MATCH,Phase E detailed design required,Preference+installer behavioral tests,NO,SEMANTICALLY_VERIFIED:shared ui key + a14/a13 implementation reads + same node family
system,DisableSideBarSuggestionFeatureId,Disable Side Bar Suggestion,system_fw_noblacklist,A13_UI_system_fw_noblacklist,system_fw_noblacklist,ACTIONABLE_FEATURE,PRESENT_A13_VARIANT,UPSTREAM_INTENT_EQUIVALENT,YES,YES,LOW,P2,E4,NO,UNKNOWN_DISCOVERY,SYSTEM_UI,UNKNOWN_DISCOVERY,UI+featureSpec,KEY_MATCH,Phase E detailed design required,Preference+installer behavioral tests,NO,SEMANTICALLY_VERIFIED:shared ui key + a14/a13 implementation reads + same node family
system,MultiWindowPlusFeatureId,Multi Window Plus,system_fw_splitscreen,A13_UI_system_fw_splitscreen,system_fw_splitscreen,ACTIONABLE_FEATURE,PRESENT_A13_VARIANT,UPSTREAM_INTENT_EQUIVALENT,YES,YES,LOW,P2,E4,NO,UNKNOWN_DISCOVERY,SYSTEM_SERVER,UNKNOWN_DISCOVERY,UI+featureSpec,KEY_MATCH,Phase E detailed design required,Preference+installer behavioral tests,NO,SEMANTICALLY_VERIFIED:shared ui key + a14/a13 implementation reads + same node family
system,MediaGalleryScreenshotPathFeatureId,Media Gallery Screenshot Path,system_gallery_screenshots_path,A13_UI_system_gallery_screenshots_path,system_gallery_screenshots_path,SUBOPTION,PRESENT_A13_VARIANT,UPSTREAM_INTENT_EQUIVALENT,YES,YES,LOW,P2,E4,NO,UNKNOWN_DISCOVERY,SYSTEM_PACKAGE,UNKNOWN_DISCOVERY,UI+featureSpec,KEY_MATCH,Phase E detailed design required,Preference+installer behavioral tests,NO,SEMANTICALLY_VERIFIED:shared ui key + a14/a13 implementation reads + same node family
system,LauncherHideFromRecentsFeatureId,Launcher Hide From Recents,system_hidefromrecents,A13_UI_system_hidefromrecents,system_hidefromrecents,ACTIONABLE_FEATURE,PRESENT_A13_VARIANT,UPSTREAM_INTENT_EQUIVALENT,YES,YES,LOW,P2,E4,NO,UNKNOWN_DISCOVERY,LAUNCHER,UNKNOWN_DISCOVERY,UI+featureSpec,KEY_MATCH,Phase E detailed design required,Preference+installer behavioral tests,NO,SEMANTICALLY_VERIFIED:shared ui key + a14/a13 implementation reads + same node family
system,SecurityCenterNoLowBatteryWarningFeatureId,Security Center No Low Battery Warning,system_hidelowbatwarn,A13_UI_system_hidelowbatwarn,system_hidelowbatwarn,ACTIONABLE_FEATURE,PRESENT_A13_VARIANT,UPSTREAM_INTENT_EQUIVALENT,YES,YES,LOW,P2,E4,NO,UNKNOWN_DISCOVERY,SYSTEM_PACKAGE,UNKNOWN_DISCOVERY,UI+featureSpec,KEY_MATCH,Phase E detailed design required,Preference+installer behavioral tests,NO,SEMANTICALLY_VERIFIED:shared ui key + a14/a13 implementation reads + same node family
system,HideLockScreenClockFeatureId,Hide Lock Screen Clock,system_hidelsclock,A13_UI_system_hidelsclock,system_hidelsclock,ACTIONABLE_FEATURE,PRESENT_A13_VARIANT,UPSTREAM_INTENT_EQUIVALENT,YES,YES,LOW,P2,E4,NO,UNKNOWN_DISCOVERY,SYSTEM_UI,UNKNOWN_DISCOVERY,UI+featureSpec,KEY_MATCH,Phase E detailed design required,Preference+installer behavioral tests,NO,SEMANTICALLY_VERIFIED:shared ui key + a14/a13 implementation reads + same node family
system,HideLockScreenHintFeatureId,Hide Lock Screen Hint,system_hidelshint,A13_UI_system_hidelshint,system_hidelshint,ACTIONABLE_FEATURE,PRESENT_A13_VARIANT,UPSTREAM_INTENT_EQUIVALENT,YES,YES,LOW,P2,E4,NO,UNKNOWN_DISCOVERY,SYSTEM_UI,UNKNOWN_DISCOVERY,UI+featureSpec,KEY_MATCH,Phase E detailed design required,Preference+installer behavioral tests,NO,SEMANTICALLY_VERIFIED:shared ui key + a14/a13 implementation reads + same node family
system,HideLockScreenStatusBarFeatureId,Hide Lock Screen Status Bar,system_hidelsstatusbar,A13_UI_system_hidelsstatusbar,system_hidelsstatusbar,ACTIONABLE_FEATURE,PRESENT_A13_VARIANT,UPSTREAM_INTENT_EQUIVALENT,YES,YES,LOW,P2,E4,NO,UNKNOWN_DISCOVERY,SYSTEM_UI,UNKNOWN_DISCOVERY,UI+featureSpec,KEY_MATCH,Phase E detailed design required,Preference+installer behavioral tests,NO,SEMANTICALLY_VERIFIED:shared ui key + a14/a13 implementation reads + same node family
system,HideProximityWarningFeatureId,Hide Proximity Warning,system_hideproxywarn,A13_UI_system_hideproxywarn,system_hideproxywarn,ACTIONABLE_FEATURE,PRESENT_A13_VARIANT,UPSTREAM_INTENT_EQUIVALENT,YES,YES,LOW,P2,E4,NO,UNKNOWN_DISCOVERY,SYSTEM_SERVER,UNKNOWN_DISCOVERY,UI+featureSpec,KEY_MATCH,Phase E detailed design required,Preference+installer behavioral tests,NO,SEMANTICALLY_VERIFIED:shared ui key + a14/a13 implementation reads + same node family
system,A14_UI_system_hidestatusbar_whenscreenrecord,Hide status bar when recording screen,system_hidestatusbar_whenscreenrecord,,,ACTIONABLE_FEATURE,MISSING_IN_A13,A14_NEW_FEATURE,YES,NO,HIGH,P1,E4,NO,UNKNOWN_DISCOVERY,UNKNOWN_DISCOVERY,UNKNOWN_DISCOVERY,UI+featureSpec,NO_KEY,Phase E detailed design required,Preference+installer behavioral tests,NO,No A13 UI/schema key
system,HideStatusBarWhenCaptureFeatureId,Hide Status Bar When Capture,system_hidestatusbar_whenscreenshot,A13_UI_system_hidestatusbar_whenscreenshot,system_hidestatusbar_whenscreenshot,ACTIONABLE_FEATURE,PRESENT_A13_VARIANT,UPSTREAM_INTENT_EQUIVALENT,YES,YES,LOW,P2,E4,NO,UNKNOWN_DISCOVERY,SYSTEM_UI,UNKNOWN_DISCOVERY,UI+featureSpec,KEY_MATCH,Phase E detailed design required,Preference+installer behavioral tests,NO,SEMANTICALLY_VERIFIED:shared ui key + a14/a13 implementation reads + same node family
system,DisableKeyguardEditorFeatureId,Disable Keyguard Editor,system_lockscreen_disable_edit,,,ACTIONABLE_FEATURE,MISSING_IN_A13,A14_NEW_FEATURE,YES,NO,HIGH,P1,E4,NO,UNKNOWN_DISCOVERY,SYSTEM_UI,UNKNOWN_DISCOVERY,UI+featureSpec,NO_KEY,Phase E detailed design required,Preference+installer behavioral tests,NO,No A13 UI/schema key
system,Disable72hStrongAuthFeatureId,Disable72h Strong Auth,system_lockscreen_disable_strongauth_72h,A13_UI_system_lockscreen_disable_strongauth_72h,system_lockscreen_disable_strongauth_72h,ACTIONABLE_FEATURE,PRESENT_A13_VARIANT,UPSTREAM_INTENT_EQUIVALENT,YES,YES,LOW,P2,E4,NO,UNKNOWN_DISCOVERY,SYSTEM_SERVER,UNKNOWN_DISCOVERY,UI+featureSpec,KEY_MATCH,Phase E detailed design required,Preference+installer behavioral tests,NO,SEMANTICALLY_VERIFIED:shared ui key + a14/a13 implementation reads + same node family
system,HideLockscreenZenModeFeatureId,Hide Lockscreen Zen Mode,system_lockscreen_hidezenmode,A13_UI_system_lockscreen_hidezenmode,system_lockscreen_hidezenmode,ACTIONABLE_FEATURE,PRESENT_A13_VARIANT,UPSTREAM_INTENT_EQUIVALENT,YES,YES,LOW,P2,E4,NO,UNKNOWN_DISCOVERY,SYSTEM_UI,UNKNOWN_DISCOVERY,UI+featureSpec,KEY_MATCH,Phase E detailed design required,Preference+installer behavioral tests,NO,SEMANTICALLY_VERIFIED:shared ui key + a14/a13 implementation reads + same node family
system_lockscreenshortcuts,LockScreenShortcutFeatureId,Lock Screen Shortcut,system_lockscreenshortcuts,A13_UI_system_lockscreenshortcuts,system_lockscreenshortcuts,ACTIONABLE_FEATURE,PRESENT_A13_VARIANT,UPSTREAM_INTENT_EQUIVALENT,YES,YES,LOW,P2,E4,NO,UNKNOWN_DISCOVERY,SYSTEM_UI,UNKNOWN_DISCOVERY,UI+featureSpec,KEY_MATCH,Phase E detailed design required,Preference+installer behavioral tests,NO,SEMANTICALLY_VERIFIED:shared ui key + a14/a13 implementation reads + same node family
system_lockscreenshortcuts,A14_UI_system_lockscreenshortcuts_left_off,Disable swipe right gesture,system_lockscreenshortcuts_left_off,A13_UI_system_lockscreenshortcuts_left_off,system_lockscreenshortcuts_left_off,ACTIONABLE_FEATURE,PRESENT_A13_VARIANT,UPSTREAM_INTENT_EQUIVALENT,YES,YES,LOW,P2,E4,NO,UNKNOWN_DISCOVERY,UNKNOWN_DISCOVERY,UNKNOWN_DISCOVERY,UI+featureSpec,KEY_MATCH,Phase E detailed design required,Preference+installer behavioral tests,NO,SEMANTICALLY_VERIFIED:shared ui key + a14/a13 implementation reads + same node family
system_lockscreenshortcuts,A14_UI_system_lockscreenshortcuts_left_tapaction,Long click left shortcut to toggle flashlight,system_lockscreenshortcuts_left_tapaction,A13_UI_system_lockscreenshortcuts_left_tapaction,system_lockscreenshortcuts_left_tapaction,ACTIONABLE_FEATURE,PRESENT_A13_VARIANT,UPSTREAM_INTENT_EQUIVALENT,YES,YES,LOW,P2,E4,NO,UNKNOWN_DISCOVERY,UNKNOWN_DISCOVERY,UNKNOWN_DISCOVERY,UI+featureSpec,KEY_MATCH,Phase E detailed design required,Preference+installer behavioral tests,NO,SEMANTICALLY_VERIFIED:shared ui key + a14/a13 implementation reads + same node family
system_lockscreenshortcuts,A14_UI_system_lockscreenshortcuts_right,Long press camera action,system_lockscreenshortcuts_right,A13_UI_system_lockscreenshortcuts_right,system_lockscreenshortcuts_right,ACTIONABLE_FEATURE,INSUFFICIENT_EVIDENCE,INSUFFICIENT_EVIDENCE,YES,NO,MEDIUM,P1,E4,NO,UNKNOWN_DISCOVERY,UNKNOWN_DISCOVERY,UNKNOWN_DISCOVERY,UI+featureSpec,KEY_MATCH,Phase E detailed design required,Preference+installer behavioral tests,NO,MECHANICAL_DISCOVERY:key match only
system_lockscreenshortcuts,A14_UI_system_lockscreenshortcuts_right_off,Disable swipe left gesture,system_lockscreenshortcuts_right_off,A13_UI_system_lockscreenshortcuts_right_off,system_lockscreenshortcuts_right_off,ACTIONABLE_FEATURE,PRESENT_A13_VARIANT,UPSTREAM_INTENT_EQUIVALENT,YES,YES,LOW,P2,E4,NO,UNKNOWN_DISCOVERY,UNKNOWN_DISCOVERY,UNKNOWN_DISCOVERY,UI+featureSpec,KEY_MATCH,Phase E detailed design required,Preference+installer behavioral tests,NO,SEMANTICALLY_VERIFIED:shared ui key + a14/a13 implementation reads + same node family
system_alarmonlock,LockScreenAlarmFeatureId,Lock Screen Alarm,system_lsalarm,A13_UI_system_lsalarm,system_lsalarm,ACTIONABLE_FEATURE,PRESENT_A13_VARIANT,UPSTREAM_INTENT_EQUIVALENT,YES,YES,LOW,P2,E4,NO,UNKNOWN_DISCOVERY,SYSTEM_UI,UNKNOWN_DISCOVERY,UI+featureSpec,KEY_MATCH,Phase E detailed design required,Preference+installer behavioral tests,NO,SEMANTICALLY_VERIFIED:shared ui key + a14/a13 implementation reads + same node family
system_alarmonlock,A14_UI_system_lsalarm_all,Show all alarms,system_lsalarm_all,A13_UI_system_lsalarm_all,system_lsalarm_all,ACTIONABLE_FEATURE,PRESENT_A13_VARIANT,UPSTREAM_INTENT_EQUIVALENT,YES,YES,LOW,P2,E4,NO,UNKNOWN_DISCOVERY,UNKNOWN_DISCOVERY,UNKNOWN_DISCOVERY,UI+featureSpec,KEY_MATCH,Phase E detailed design required,Preference+installer behavioral tests,NO,SEMANTICALLY_VERIFIED:shared ui key + a14/a13 implementation reads + same node family
system_alarmonlock,A14_UI_system_lsalarm_format,Display format,system_lsalarm_format,A13_UI_system_lsalarm_format,system_lsalarm_format,SUBOPTION,PRESENT_A13_VARIANT,UPSTREAM_INTENT_EQUIVALENT,YES,YES,LOW,P2,E4,NO,UNKNOWN_DISCOVERY,UNKNOWN_DISCOVERY,UNKNOWN_DISCOVERY,UI+featureSpec,KEY_MATCH,Phase E detailed design required,Preference+installer behavioral tests,NO,SEMANTICALLY_VERIFIED:shared ui key + a14/a13 implementation reads + same node family
system,A14_UI_system_lstimeout,Screen off timeout on lock screen,system_lstimeout,A13_UI_system_lstimeout,system_lstimeout,SUBOPTION,PRESENT_A13_VARIANT,UPSTREAM_INTENT_EQUIVALENT,YES,YES,LOW,P2,E4,NO,UNKNOWN_DISCOVERY,UNKNOWN_DISCOVERY,UNKNOWN_DISCOVERY,UI+featureSpec,KEY_MATCH,Phase E detailed design required,Preference+installer behavioral tests,NO,SEMANTICALLY_VERIFIED:shared ui key + a14/a13 implementation reads + same node family
system,SetLockscreenWallpaperFeatureId,Set Lockscreen Wallpaper,system_lswallpaper,A13_UI_system_lswallpaper,system_lswallpaper,ACTIONABLE_FEATURE,PRESENT_A13_VARIANT,UPSTREAM_INTENT_EQUIVALENT,YES,YES,LOW,P2,E4,NO,UNKNOWN_DISCOVERY,SYSTEM_SERVER,UNKNOWN_DISCOVERY,UI+featureSpec,KEY_MATCH,Phase E detailed design required,Preference+installer behavioral tests,NO,SEMANTICALLY_VERIFIED:shared ui key + a14/a13 implementation reads + same node family
system,MaxNotificationIconsFeatureId,Max Notification Icons,system_maxsbicons,A13_UI_system_maxsbicons,system_maxsbicons,SUBOPTION,PRESENT_A13_VARIANT,UPSTREAM_INTENT_EQUIVALENT,YES,YES,LOW,P2,E4,NO,UNKNOWN_DISCOVERY,SYSTEM_UI,UNKNOWN_DISCOVERY,UI+featureSpec,KEY_MATCH,Phase E detailed design required,Preference+installer behavioral tests,NO,SEMANTICALLY_VERIFIED:shared ui key + a14/a13 implementation reads + same node family
system,MinimalNotificationViewFeatureId,Minimal Notification View,system_minimalnotifview,A13_UI_system_minimalnotifview,system_minimalnotifview,ACTIONABLE_FEATURE,PRESENT_A13_VARIANT,UPSTREAM_INTENT_EQUIVALENT,YES,YES,LOW,P2,E4,NO,UNKNOWN_DISCOVERY,SYSTEM_UI,UNKNOWN_DISCOVERY,UI+featureSpec,KEY_MATCH,Phase E detailed design required,Preference+installer behavioral tests,NO,SEMANTICALLY_VERIFIED:shared ui key + a14/a13 implementation reads + same node family
system_statusbar_mobilesignal,HideMobileNetworkIndicatorFeatureId,Hide Mobile Network Indicator,system_mobiletypeicon,A13_UI_system_mobiletypeicon,system_mobiletypeicon,SUBOPTION,PRESENT_A13_VARIANT,UPSTREAM_INTENT_EQUIVALENT,YES,YES,LOW,P2,E3,NO,UNKNOWN_DISCOVERY,SYSTEM_UI,UNKNOWN_DISCOVERY,UI+featureSpec,KEY_MATCH,Phase E detailed design required,Preference+installer behavioral tests,NO,SEMANTICALLY_VERIFIED:shared ui key + a14/a13 implementation reads + same node family
system,RemovePackageNotificationsLimitFeatureId,Remove Package Notifications Limit,system_morenotif,A13_UI_system_morenotif,system_morenotif,ACTIONABLE_FEATURE,PRESENT_A13_VARIANT,UPSTREAM_INTENT_EQUIVALENT,YES,YES,LOW,P2,E4,NO,UNKNOWN_DISCOVERY,SYSTEM_UI,UNKNOWN_DISCOVERY,UI+featureSpec,KEY_MATCH,Phase E detailed design required,Preference+installer behavioral tests,NO,SEMANTICALLY_VERIFIED:shared ui key + a14/a13 implementation reads + same node family
system,MuteVisibleNotificationsFeatureId,Mute Visible Notifications,system_mutevisiblenotif,A13_UI_system_mutevisiblenotif,system_mutevisiblenotif,ACTIONABLE_FEATURE,PRESENT_A13_VARIANT,UPSTREAM_INTENT_EQUIVALENT,YES,YES,LOW,P2,E4,NO,UNKNOWN_DISCOVERY,SYSTEM_UI,UNKNOWN_DISCOVERY,UI+featureSpec,KEY_MATCH,Phase E detailed design required,Preference+installer behavioral tests,NO,SEMANTICALLY_VERIFIED:shared ui key + a14/a13 implementation reads + same node family
system_detailednetspeed,A14_UI_system_netspeed_boldfont,Bold style,system_netspeed_boldfont,,,ACTIONABLE_FEATURE,MISSING_IN_A13,A14_NEW_FEATURE,YES,NO,HIGH,P1,E4,NO,UNKNOWN_DISCOVERY,UNKNOWN_DISCOVERY,UNKNOWN_DISCOVERY,UI+featureSpec,NO_KEY,Phase E detailed design required,Preference+installer behavioral tests,NO,No A13 UI/schema key
system_detailednetspeed,A14_UI_system_netspeed_fixedcontent_width,Fix content width to prevent horizontal jitter,system_netspeed_fixedcontent_width,A13_UI_system_netspeed_fixedcontent_width,system_netspeed_fixedcontent_width,SUBOPTION,PRESENT_A13_VARIANT,UPSTREAM_INTENT_EQUIVALENT,YES,YES,LOW,P2,E4,NO,UNKNOWN_DISCOVERY,UNKNOWN_DISCOVERY,UNKNOWN_DISCOVERY,UI+featureSpec,KEY_MATCH,Phase E detailed design required,Preference+installer behavioral tests,NO,SEMANTICALLY_VERIFIED:shared ui key + a14/a13 implementation reads + same node family
system_detailednetspeed,A14_UI_system_netspeed_fontsize,Network speed\'s font size,system_netspeed_fontsize,A13_UI_system_netspeed_fontsize,system_netspeed_fontsize,SUBOPTION,PRESENT_A13_VARIANT,UPSTREAM_INTENT_EQUIVALENT,YES,YES,LOW,P2,E4,NO,UNKNOWN_DISCOVERY,UNKNOWN_DISCOVERY,UNKNOWN_DISCOVERY,UI+featureSpec,KEY_MATCH,Phase E detailed design required,Preference+installer behavioral tests,NO,SEMANTICALLY_VERIFIED:shared ui key + a14/a13 implementation reads + same node family
system_detailednetspeed,A14_UI_system_netspeed_leftmargin,Left margin,system_netspeed_leftmargin,A13_UI_system_netspeed_leftmargin,system_netspeed_leftmargin,SUBOPTION,PRESENT_A13_VARIANT,UPSTREAM_INTENT_EQUIVALENT,YES,YES,LOW,P2,E4,NO,UNKNOWN_DISCOVERY,UNKNOWN_DISCOVERY,UNKNOWN_DISCOVERY,UI+featureSpec,KEY_MATCH,Phase E detailed design required,Preference+installer behavioral tests,NO,SEMANTICALLY_VERIFIED:shared ui key + a14/a13 implementation reads + same node family
system_detailednetspeed,A14_UI_system_netspeed_rightmargin,Right margin,system_netspeed_rightmargin,A13_UI_system_netspeed_rightmargin,system_netspeed_rightmargin,SUBOPTION,PRESENT_A13_VARIANT,UPSTREAM_INTENT_EQUIVALENT,YES,YES,LOW,P2,E4,NO,UNKNOWN_DISCOVERY,UNKNOWN_DISCOVERY,UNKNOWN_DISCOVERY,UI+featureSpec,KEY_MATCH,Phase E detailed design required,Preference+installer behavioral tests,NO,SEMANTICALLY_VERIFIED:shared ui key + a14/a13 implementation reads + same node family
system_detailednetspeed,A14_UI_system_netspeed_rowspacing,Network speed row spacing,system_netspeed_rowspacing,A13_UI_system_netspeed_rowspacing,system_netspeed_rowspacing,SUBOPTION,PRESENT_A13_VARIANT,UPSTREAM_INTENT_EQUIVALENT,YES,YES,LOW,P2,E4,NO,UNKNOWN_DISCOVERY,UNKNOWN_DISCOVERY,UNKNOWN_DISCOVERY,UI+featureSpec,KEY_MATCH,Phase E detailed design required,Preference+installer behavioral tests,NO,SEMANTICALLY_VERIFIED:shared ui key + a14/a13 implementation reads + same node family
system_detailednetspeed,A14_UI_system_netspeed_use_clock_style,Match status bar clock text style,system_netspeed_use_clock_style,,,ACTIONABLE_FEATURE,MISSING_IN_A13,A14_NEW_FEATURE,YES,NO,HIGH,P1,E4,NO,UNKNOWN_DISCOVERY,UNKNOWN_DISCOVERY,UNKNOWN_DISCOVERY,UI+featureSpec,NO_KEY,Phase E detailed design required,Preference+installer behavioral tests,NO,No A13 UI/schema key
system_detailednetspeed,A14_UI_system_netspeed_verticaloffset,Vertical offset,system_netspeed_verticaloffset,A13_UI_system_netspeed_verticaloffset,system_netspeed_verticaloffset,SUBOPTION,PRESENT_A13_VARIANT,UPSTREAM_INTENT_EQUIVALENT,YES,YES,LOW,P2,E4,NO,UNKNOWN_DISCOVERY,UNKNOWN_DISCOVERY,UNKNOWN_DISCOVERY,UI+featureSpec,KEY_MATCH,Phase E detailed design required,Preference+installer behavioral tests,NO,SEMANTICALLY_VERIFIED:shared ui key + a14/a13 implementation reads + same node family
system_detailednetspeed,NetSpeedIntervalFeatureId,Net Speed Interval,system_netspeedinterval,A13_UI_system_netspeedinterval,system_netspeedinterval,SUBOPTION,PRESENT_A13_VARIANT,UPSTREAM_INTENT_EQUIVALENT,YES,YES,LOW,P2,E4,NO,UNKNOWN_DISCOVERY,SYSTEM_UI,UNKNOWN_DISCOVERY,UI+featureSpec,KEY_MATCH,Phase E detailed design required,Preference+installer behavioral tests,NO,SEMANTICALLY_VERIFIED:shared ui key + a14/a13 implementation reads + same node family
system_statusbar_mobilesignal,A14_UI_system_networkindicator_mobile,Hide mobile network activity indicators,system_networkindicator_mobile,A13_UI_system_networkindicator_mobile,system_networkindicator_mobile,ACTIONABLE_FEATURE,PRESENT_A13_VARIANT,UPSTREAM_INTENT_EQUIVALENT,YES,YES,LOW,P2,E3,NO,UNKNOWN_DISCOVERY,UNKNOWN_DISCOVERY,UNKNOWN_DISCOVERY,UI+featureSpec,KEY_MATCH,Phase E detailed design required,Preference+installer behavioral tests,NO,SEMANTICALLY_VERIFIED:shared ui key + a14/a13 implementation reads + same node family
system,NetworkIndicatorWifiFeatureId,Network Indicator WiFi,system_networkindicator_wifi,A13_UI_system_networkindicator_wifi,system_networkindicator_wifi,ACTIONABLE_FEATURE,PRESENT_A13_VARIANT,UPSTREAM_INTENT_EQUIVALENT,YES,YES,LOW,P2,E4,NO,UNKNOWN_DISCOVERY,SYSTEM_UI,UNKNOWN_DISCOVERY,UI+featureSpec,KEY_MATCH,Phase E detailed design required,Preference+installer behavioral tests,NO,SEMANTICALLY_VERIFIED:shared ui key + a14/a13 implementation reads + same node family
system,NoDuckingFeatureId,No Ducking,system_noducking,A13_UI_system_noducking,system_noducking,ACTIONABLE_FEATURE,PRESENT_A13_VARIANT,UPSTREAM_INTENT_EQUIVALENT,YES,YES,LOW,P2,E4,NO,UNKNOWN_DISCOVERY,SYSTEM_SERVER,UNKNOWN_DISCOVERY,UI+featureSpec,KEY_MATCH,Phase E detailed design required,Preference+installer behavioral tests,NO,SEMANTICALLY_VERIFIED:shared ui key + a14/a13 implementation reads + same node family
system,NoLightUpOnChargeSystemUiFeatureId,No Light Up On Charge System UI,system_nolightuponcharges,A13_UI_system_nolightuponcharges,system_nolightuponcharges,SUBOPTION,PRESENT_A13_VARIANT,UPSTREAM_INTENT_EQUIVALENT,YES,YES,LOW,P2,E4,NO,UNKNOWN_DISCOVERY,SYSTEM_UI,UNKNOWN_DISCOVERY,UI+featureSpec,KEY_MATCH,Phase E detailed design required,Preference+installer behavioral tests,NO,SEMANTICALLY_VERIFIED:shared ui key + a14/a13 implementation reads + same node family
system,A14_UI_system_nooverscroll,Disable overscroll,system_nooverscroll,A13_UI_system_nooverscroll,system_nooverscroll,ACTIONABLE_FEATURE,PRESENT_A13_VARIANT,UPSTREAM_INTENT_EQUIVALENT,YES,YES,LOW,P2,E4,NO,UNKNOWN_DISCOVERY,UNKNOWN_DISCOVERY,UNKNOWN_DISCOVERY,UI+featureSpec,KEY_MATCH,Phase E detailed design required,Preference+installer behavioral tests,NO,SEMANTICALLY_VERIFIED:shared ui key + a14/a13 implementation reads + same node family
system,NoPasswordFeatureId,No Password,system_nopassword,A13_UI_system_nopassword,system_nopassword,ACTIONABLE_FEATURE,PRESENT_A13_VARIANT,UPSTREAM_INTENT_EQUIVALENT,YES,YES,LOW,P2,E4,NO,UNKNOWN_DISCOVERY,SYSTEM_UI,UNKNOWN_DISCOVERY,UI+featureSpec,KEY_MATCH,Phase E detailed design required,Preference+installer behavioral tests,NO,SEMANTICALLY_VERIFIED:shared ui key + a14/a13 implementation reads + same node family
system,HideSafeVolumeDlgFeatureId,Hide Safe Volume Dlg,system_nosafevolume,A13_UI_system_nosafevolume,system_nosafevolume,ACTIONABLE_FEATURE,PRESENT_A13_VARIANT,UPSTREAM_INTENT_EQUIVALENT,YES,YES,LOW,P2,E4,NO,UNKNOWN_DISCOVERY,SYSTEM_UI,UNKNOWN_DISCOVERY,UI+featureSpec,KEY_MATCH,Phase E detailed design required,Preference+installer behavioral tests,NO,SEMANTICALLY_VERIFIED:shared ui key + a14/a13 implementation reads + same node family
system_noscreenlock,A14_UI_system_noscreenlock,Disable screen lock,system_noscreenlock,A13_UI_system_noscreenlock,system_noscreenlock,SUBOPTION,PRESENT_A13_VARIANT,UPSTREAM_INTENT_EQUIVALENT,YES,YES,LOW,P2,E4,NO,UNKNOWN_DISCOVERY,UNKNOWN_DISCOVERY,UNKNOWN_DISCOVERY,UI+featureSpec,KEY_MATCH,Phase E detailed design required,Preference+installer behavioral tests,NO,SEMANTICALLY_VERIFIED:shared ui key + a14/a13 implementation reads + same node family
system_noscreenlock,NoScreenLockFeatureId,No Screen Lock,system_noscreenlock_act,A13_UI_system_noscreenlock_act,system_noscreenlock_act,ACTIONABLE_FEATURE,PRESENT_A13_VARIANT,UPSTREAM_INTENT_EQUIVALENT,YES,YES,LOW,P2,E4,NO,UNKNOWN_DISCOVERY,SYSTEM_UI,UNKNOWN_DISCOVERY,UI+featureSpec,KEY_MATCH,Phase E detailed design required,Preference+installer behavioral tests,NO,SEMANTICALLY_VERIFIED:shared ui key + a14/a13 implementation reads + same node family
system_noscreenlock,A14_UI_system_noscreenlock_bt,Trusted Bluetooth devices,system_noscreenlock_bt,A13_UI_system_noscreenlock_bt,system_noscreenlock_bt,ACTIONABLE_FEATURE,INSUFFICIENT_EVIDENCE,INSUFFICIENT_EVIDENCE,YES,NO,MEDIUM,P1,E4,NO,UNKNOWN_DISCOVERY,UNKNOWN_DISCOVERY,UNKNOWN_DISCOVERY,UI+featureSpec,KEY_MATCH,Phase E detailed design required,Preference+installer behavioral tests,NO,MECHANICAL_DISCOVERY:key match only
system_noscreenlock,A14_UI_system_noscreenlock_req,Require authentication after boot,system_noscreenlock_req,A13_UI_system_noscreenlock_req,system_noscreenlock_req,SUBOPTION,PRESENT_A13_VARIANT,UPSTREAM_INTENT_EQUIVALENT,YES,YES,LOW,P2,E4,NO,UNKNOWN_DISCOVERY,UNKNOWN_DISCOVERY,UNKNOWN_DISCOVERY,UI+featureSpec,KEY_MATCH,Phase E detailed design required,Preference+installer behavioral tests,NO,SEMANTICALLY_VERIFIED:shared ui key + a14/a13 implementation reads + same node family
system_noscreenlock,A14_UI_system_noscreenlock_skip,Skip lock screen,system_noscreenlock_skip,A13_UI_system_noscreenlock_skip,system_noscreenlock_skip,ACTIONABLE_FEATURE,PRESENT_A13_VARIANT,UPSTREAM_INTENT_EQUIVALENT,YES,YES,LOW,P2,E4,NO,UNKNOWN_DISCOVERY,UNKNOWN_DISCOVERY,UNKNOWN_DISCOVERY,UI+featureSpec,KEY_MATCH,Phase E detailed design required,Preference+installer behavioral tests,NO,SEMANTICALLY_VERIFIED:shared ui key + a14/a13 implementation reads + same node family
system_noscreenlock,A14_UI_system_noscreenlock_wifi,Trusted Wi-Fi networks,system_noscreenlock_wifi,A13_UI_system_noscreenlock_wifi,system_noscreenlock_wifi,ACTIONABLE_FEATURE,INSUFFICIENT_EVIDENCE,INSUFFICIENT_EVIDENCE,YES,NO,MEDIUM,P1,E4,NO,UNKNOWN_DISCOVERY,UNKNOWN_DISCOVERY,UNKNOWN_DISCOVERY,UI+featureSpec,KEY_MATCH,Phase E detailed design required,Preference+installer behavioral tests,NO,MECHANICAL_DISCOVERY:key match only
system,A14_UI_system_nosilentvibrate,No test vibration,system_nosilentvibrate,A13_UI_system_nosilentvibrate,system_nosilentvibrate,ACTIONABLE_FEATURE,PRESENT_A13_VARIANT,UPSTREAM_INTENT_EQUIVALENT,YES,YES,LOW,P2,E4,NO,UNKNOWN_DISCOVERY,UNKNOWN_DISCOVERY,UNKNOWN_DISCOVERY,UI+featureSpec,KEY_MATCH,Phase E detailed design required,Preference+installer behavioral tests,NO,SEMANTICALLY_VERIFIED:shared ui key + a14/a13 implementation reads + same node family
system,NoSOSFeatureId,No SOS,system_nosos,A13_UI_system_nosos,system_nosos,ACTIONABLE_FEATURE,PRESENT_A13_VARIANT,UPSTREAM_INTENT_EQUIVALENT,YES,YES,LOW,P2,E4,NO,UNKNOWN_DISCOVERY,SYSTEM_UI,UNKNOWN_DISCOVERY,UI+featureSpec,KEY_MATCH,Phase E detailed design required,Preference+installer behavioral tests,NO,SEMANTICALLY_VERIFIED:shared ui key + a14/a13 implementation reads + same node family
system,DisableFoldNotificationsFeatureId,Disable Fold Notifications,system_notif_disable_fold,,,ACTIONABLE_FEATURE,MISSING_IN_A13,A14_NEW_FEATURE,YES,NO,HIGH,P1,E4,NO,UNKNOWN_DISCOVERY,SYSTEM_UI,UNKNOWN_DISCOVERY,UI+featureSpec,NO_KEY,Phase E detailed design required,Preference+installer behavioral tests,NO,No A13 UI/schema key
system,ShowNotificationsAfterUnlockFeatureId,Show Notifications After Unlock,system_notifafterunlock,A13_UI_system_notifafterunlock,system_notifafterunlock,ACTIONABLE_FEATURE,PRESENT_A13_VARIANT,UPSTREAM_INTENT_EQUIVALENT,YES,YES,LOW,P2,E4,NO,UNKNOWN_DISCOVERY,SYSTEM_UI,UNKNOWN_DISCOVERY,UI+featureSpec,KEY_MATCH,Phase E detailed design required,Preference+installer behavioral tests,NO,SEMANTICALLY_VERIFIED:shared ui key + a14/a13 implementation reads + same node family
system,NotificationChannelSettingsFeatureId,Notification Channel Settings,system_notifchannelsettings,A13_UI_system_notifchannelsettings,system_notifchannelsettings,ACTIONABLE_FEATURE,PRESENT_A13_VARIANT,UPSTREAM_INTENT_EQUIVALENT,YES,YES,LOW,P2,E4,NO,UNKNOWN_DISCOVERY,SYSTEM_UI,UNKNOWN_DISCOVERY,UI+featureSpec,KEY_MATCH,Phase E detailed design required,Preference+installer behavioral tests,NO,SEMANTICALLY_VERIFIED:shared ui key + a14/a13 implementation reads + same node family
system,NotificationImportanceFeatureId,Notification Importance,system_notifimportance,A13_UI_system_notifimportance,system_notifimportance,ACTIONABLE_FEATURE,PRESENT_A13_VARIANT,UPSTREAM_INTENT_EQUIVALENT,YES,YES,LOW,P2,E4,NO,UNKNOWN_DISCOVERY,SYSTEM_UI,UNKNOWN_DISCOVERY,UI+featureSpec,KEY_MATCH,Phase E detailed design required,Preference+installer behavioral tests,NO,SEMANTICALLY_VERIFIED:shared ui key + a14/a13 implementation reads + same node family
system,NotificationRowMenuFeatureId,Notification Row Menu,system_notifrowmenu,A13_UI_system_notifrowmenu,system_notifrowmenu,ACTIONABLE_FEATURE,PRESENT_A13_VARIANT,UPSTREAM_INTENT_EQUIVALENT,YES,YES,LOW,P2,E4,NO,UNKNOWN_DISCOVERY,SYSTEM_UI,UNKNOWN_DISCOVERY,UI+featureSpec,KEY_MATCH,Phase E detailed design required,Preference+installer behavioral tests,NO,SEMANTICALLY_VERIFIED:shared ui key + a14/a13 implementation reads + same node family
system,OpenNotifyInFloatingWindowFeatureId,Open Notify In Floating Window,system_notify_openinfw,A13_UI_system_notify_openinfw,system_notify_openinfw,ACTIONABLE_FEATURE,PRESENT_A13_VARIANT,UPSTREAM_INTENT_EQUIVALENT,YES,YES,LOW,P2,E4,NO,UNKNOWN_DISCOVERY,SYSTEM_UI,UNKNOWN_DISCOVERY,UI+featureSpec,KEY_MATCH,Phase E detailed design required,Preference+installer behavioral tests,NO,SEMANTICALLY_VERIFIED:shared ui key + a14/a13 implementation reads + same node family
system,A14_UI_system_notify_openinfw_in_whitelist,Turn on whitelisting,system_notify_openinfw_in_whitelist,A13_UI_system_notify_openinfw_in_whitelist,system_notify_openinfw_in_whitelist,ACTIONABLE_FEATURE,PRESENT_A13_VARIANT,UPSTREAM_INTENT_EQUIVALENT,YES,YES,LOW,P2,E4,NO,UNKNOWN_DISCOVERY,UNKNOWN_DISCOVERY,UNKNOWN_DISCOVERY,UI+featureSpec,KEY_MATCH,Phase E detailed design required,Preference+installer behavioral tests,NO,SEMANTICALLY_VERIFIED:shared ui key + a14/a13 implementation reads + same node family
system,OrientationLockFeatureId,Orientation Lock,system_orientationlock,A13_UI_system_orientationlock,system_orientationlock,ACTIONABLE_FEATURE,PRESENT_A13_VARIANT,UPSTREAM_INTENT_EQUIVALENT,YES,YES,LOW,P2,E4,NO,UNKNOWN_DISCOVERY,SYSTEM_SERVER,UNKNOWN_DISCOVERY,UI+featureSpec,KEY_MATCH,Phase E detailed design required,Preference+installer behavioral tests,NO,SEMANTICALLY_VERIFIED:shared ui key + a14/a13 implementation reads + same node family
system,WallpaperScaleLevelFeatureId,Wallpaper Scale Level,system_other_wallpaper_scale,A13_UI_system_other_wallpaper_scale,system_other_wallpaper_scale,SUBOPTION,PRESENT_A13_VARIANT,UPSTREAM_INTENT_EQUIVALENT,YES,YES,LOW,P2,E4,NO,UNKNOWN_DISCOVERY,SYSTEM_SERVER,UNKNOWN_DISCOVERY,UI+featureSpec,KEY_MATCH,Phase E detailed design required,Preference+installer behavioral tests,NO,SEMANTICALLY_VERIFIED:shared ui key + a14/a13 implementation reads + same node family
system_controlcenter_clock,DisableFakeClockAnimFeatureId,Disable Fake Clock Anim,system_qs_disable_fakeclock_anim,,,ACTIONABLE_FEATURE,MISSING_IN_A13,A14_NEW_FEATURE,YES,NO,HIGH,P1,E4,NO,UNKNOWN_DISCOVERY,SYSTEM_UI,UNKNOWN_DISCOVERY,UI+featureSpec,NO_KEY,Phase E detailed design required,Preference+installer behavioral tests,NO,No A13 UI/schema key
system_controlcenter_clock,A14_UI_system_qs_force_systemfonts,Force clock use system fonts,system_qs_force_systemfonts,A13_UI_system_qs_force_systemfonts,system_qs_force_systemfonts,ACTIONABLE_FEATURE,PRESENT_A13_VARIANT,UPSTREAM_INTENT_EQUIVALENT,YES,YES,LOW,P2,E4,NO,UNKNOWN_DISCOVERY,UNKNOWN_DISCOVERY,UNKNOWN_DISCOVERY,UI+featureSpec,KEY_MATCH,Phase E detailed design required,Preference+installer behavioral tests,NO,SEMANTICALLY_VERIFIED:shared ui key + a14/a13 implementation reads + same node family
system,A14_UI_system_qs_hideoperator,Hide carrier name,system_qs_hideoperator,A13_UI_system_qs_hideoperator,system_qs_hideoperator,ACTIONABLE_FEATURE,PRESENT_A13_VARIANT,UPSTREAM_INTENT_EQUIVALENT,YES,YES,LOW,P2,E4,NO,UNKNOWN_DISCOVERY,UNKNOWN_DISCOVERY,UNKNOWN_DISCOVERY,UI+featureSpec,KEY_MATCH,Phase E detailed design required,Preference+installer behavioral tests,NO,SEMANTICALLY_VERIFIED:shared ui key + a14/a13 implementation reads + same node family
system,QSHapticFeatureId,QS Haptic,system_qshaptics,A13_UI_system_qshaptics,system_qshaptics,SUBOPTION,PRESENT_A13_VARIANT,UPSTREAM_INTENT_EQUIVALENT,YES,YES,LOW,P2,E4,NO,UNKNOWN_DISCOVERY,SYSTEM_UI,UNKNOWN_DISCOVERY,UI+featureSpec,KEY_MATCH,Phase E detailed design required,Preference+installer behavioral tests,NO,SEMANTICALLY_VERIFIED:shared ui key + a14/a13 implementation reads + same node family
system,LauncherRecentsBlurFeatureId,Launcher Recents Blur,system_recents_blur,A13_UI_system_recents_blur,system_recents_blur,SUBOPTION,PRESENT_A13_VARIANT,UPSTREAM_INTENT_EQUIVALENT,YES,YES,LOW,P2,E4,NO,UNKNOWN_DISCOVERY,LAUNCHER,UNKNOWN_DISCOVERY,UI+featureSpec,KEY_MATCH,Phase E detailed design required,Preference+installer behavioral tests,NO,SEMANTICALLY_VERIFIED:shared ui key + a14/a13 implementation reads + same node family
system,LauncherRecentsCardStyleFeatureId,Launcher Recents Card Style,system_recents_card_style,,,ACTIONABLE_FEATURE,MISSING_IN_A13,A14_NEW_FEATURE,YES,NO,HIGH,P1,E4,NO,UNKNOWN_DISCOVERY,LAUNCHER,UNKNOWN_DISCOVERY,UI+featureSpec,NO_KEY,Phase E detailed design required,Preference+installer behavioral tests,NO,No A13 UI/schema key
system,LauncherDisableWallpaperScaleFeatureId,Launcher Disable Wallpaper Scale,system_recents_disable_wallpaperscale,A13_UI_system_recents_disable_wallpaperscale,system_recents_disable_wallpaperscale,ACTIONABLE_FEATURE,PRESENT_A13_VARIANT,UPSTREAM_INTENT_EQUIVALENT,YES,YES,LOW,P2,E4,NO,UNKNOWN_DISCOVERY,LAUNCHER,UNKNOWN_DISCOVERY,UI+featureSpec,KEY_MATCH,Phase E detailed design required,Preference+installer behavioral tests,NO,SEMANTICALLY_VERIFIED:shared ui key + a14/a13 implementation reads + same node family
system,LauncherHideStatusBarInRecentsFeatureId,Launcher Hide Status Bar In Recents,system_recents_hide_statusbar,A13_UI_system_recents_hide_statusbar,system_recents_hide_statusbar,ACTIONABLE_FEATURE,PRESENT_A13_VARIANT,UPSTREAM_INTENT_EQUIVALENT,YES,YES,LOW,P2,E4,NO,UNKNOWN_DISCOVERY,LAUNCHER,UNKNOWN_DISCOVERY,UI+featureSpec,KEY_MATCH,Phase E detailed design required,Preference+installer behavioral tests,NO,SEMANTICALLY_VERIFIED:shared ui key + a14/a13 implementation reads + same node family
system,RemoveActStartConfirmFeatureId,Remove Act Start Confirm,system_remove_startactconfirm,A13_UI_system_remove_startactconfirm,system_remove_startactconfirm,ACTIONABLE_FEATURE,PRESENT_A13_VARIANT,UPSTREAM_INTENT_EQUIVALENT,YES,YES,LOW,P2,E4,NO,UNKNOWN_DISCOVERY,SYSTEM_SERVER,UNKNOWN_DISCOVERY,UI+featureSpec,KEY_MATCH,Phase E detailed design required,Preference+installer behavioral tests,NO,SEMANTICALLY_VERIFIED:shared ui key + a14/a13 implementation reads + same node family
system,LauncherHideMemoryCleanFeatureId,Launcher Hide Memory Clean,system_removecleaner,A13_UI_system_removecleaner,system_removecleaner,ACTIONABLE_FEATURE,PRESENT_A13_VARIANT,UPSTREAM_INTENT_EQUIVALENT,YES,YES,LOW,P2,E4,NO,UNKNOWN_DISCOVERY,LAUNCHER,UNKNOWN_DISCOVERY,UI+featureSpec,KEY_MATCH,Phase E detailed design required,Preference+installer behavioral tests,NO,SEMANTICALLY_VERIFIED:shared ui key + a14/a13 implementation reads + same node family
system,HideDismissViewFeatureId,Hide Dismiss View,system_removedismiss,A13_UI_system_removedismiss,system_removedismiss,ACTIONABLE_FEATURE,PRESENT_A13_VARIANT,UPSTREAM_INTENT_EQUIVALENT,YES,YES,LOW,P2,E4,NO,UNKNOWN_DISCOVERY,SYSTEM_UI,UNKNOWN_DISCOVERY,UI+featureSpec,KEY_MATCH,Phase E detailed design required,Preference+installer behavioral tests,NO,SEMANTICALLY_VERIFIED:shared ui key + a14/a13 implementation reads + same node family
system,RemoveSecureFeatureId,Remove Secure,system_removesecure,A13_UI_system_removesecure,system_removesecure,ACTIONABLE_FEATURE,PRESENT_A13_VARIANT,UPSTREAM_INTENT_EQUIVALENT,YES,YES,LOW,P2,E4,NO,UNKNOWN_DISCOVERY,SYSTEM_SERVER,UNKNOWN_DISCOVERY,UI+featureSpec,KEY_MATCH,Phase E detailed design required,Preference+installer behavioral tests,NO,SEMANTICALLY_VERIFIED:shared ui key + a14/a13 implementation reads + same node family
launcher,LauncherResizableWidgetsFeatureId,Launcher Resizable Widgets,system_resizablewidgets,A13_UI_system_resizablewidgets,system_resizablewidgets,ACTIONABLE_FEATURE,PRESENT_A13_VARIANT,UPSTREAM_INTENT_EQUIVALENT,YES,YES,LOW,P2,E3,NO,UNKNOWN_DISCOVERY,LAUNCHER,UNKNOWN_DISCOVERY,UI+featureSpec,KEY_MATCH,Phase E detailed design required,Preference+installer behavioral tests,NO,SEMANTICALLY_VERIFIED:shared ui key + a14/a13 implementation reads + same node family
system,ScramblePinFeatureId,Scramble PIN,system_scramblepin,A13_UI_system_scramblepin,system_scramblepin,ACTIONABLE_FEATURE,PRESENT_A13_VARIANT,UPSTREAM_INTENT_EQUIVALENT,YES,YES,LOW,P2,E4,NO,UNKNOWN_DISCOVERY,SYSTEM_UI,UNKNOWN_DISCOVERY,UI+featureSpec,KEY_MATCH,Phase E detailed design required,Preference+installer behavioral tests,NO,SEMANTICALLY_VERIFIED:shared ui key + a14/a13 implementation reads + same node family
system,ScreenAnimFeatureId,Screen Anim,system_screenanim_duration,A13_UI_system_screenanim_duration,system_screenanim_duration,SUBOPTION,PRESENT_A13_VARIANT,UPSTREAM_INTENT_EQUIVALENT,YES,YES,LOW,P2,E4,NO,UNKNOWN_DISCOVERY,SYSTEM_SERVER,UNKNOWN_DISCOVERY,UI+featureSpec,KEY_MATCH,Phase E detailed design required,Preference+installer behavioral tests,NO,SEMANTICALLY_VERIFIED:shared ui key + a14/a13 implementation reads + same node family
system_screenshot,MediaScreenshotConfigFeatureId,Media Screenshot Config,system_screenshot,A13_UI_system_screenshot,system_screenshot,ACTIONABLE_FEATURE,PRESENT_A13_VARIANT,UPSTREAM_INTENT_EQUIVALENT,YES,YES,LOW,P2,E4,NO,UNKNOWN_DISCOVERY,SYSTEM_PACKAGE,UNKNOWN_DISCOVERY,UI+featureSpec,KEY_MATCH,Phase E detailed design required,Preference+installer behavioral tests,NO,SEMANTICALLY_VERIFIED:shared ui key + a14/a13 implementation reads + same node family
system_screenshot,A14_UI_system_screenshot_format,Format,system_screenshot_format,A13_UI_system_screenshot_format,system_screenshot_format,SUBOPTION,PRESENT_A13_VARIANT,UPSTREAM_INTENT_EQUIVALENT,YES,YES,LOW,P2,E4,NO,UNKNOWN_DISCOVERY,UNKNOWN_DISCOVERY,UNKNOWN_DISCOVERY,UI+featureSpec,KEY_MATCH,Phase E detailed design required,Preference+installer behavioral tests,NO,SEMANTICALLY_VERIFIED:shared ui key + a14/a13 implementation reads + same node family
system_screenshot,A14_UI_system_screenshot_mypath,Selected path,system_screenshot_mypath,A13_UI_system_screenshot_mypath,system_screenshot_mypath,ACTIONABLE_FEATURE,PRESENT_A13_VARIANT,UPSTREAM_INTENT_EQUIVALENT,YES,YES,LOW,P2,E4,NO,UNKNOWN_DISCOVERY,UNKNOWN_DISCOVERY,UNKNOWN_DISCOVERY,UI+featureSpec,KEY_MATCH,Phase E detailed design required,Preference+installer behavioral tests,NO,SEMANTICALLY_VERIFIED:shared ui key + a14/a13 implementation reads + same node family
system,TempHideOverlaySystemUiFeatureId,Temp Hide Overlay System UI,system_screenshot_overlay,A13_UI_system_screenshot_overlay,system_screenshot_overlay,ACTIONABLE_FEATURE,PRESENT_A13_VARIANT,UPSTREAM_INTENT_EQUIVALENT,YES,YES,LOW,P2,E4,NO,UNKNOWN_DISCOVERY,SYSTEM_UI,UNKNOWN_DISCOVERY,UI+featureSpec,KEY_MATCH,Phase E detailed design required,Preference+installer behavioral tests,NO,SEMANTICALLY_VERIFIED:shared ui key + a14/a13 implementation reads + same node family
system_screenshot,A14_UI_system_screenshot_path,Save folder,system_screenshot_path,A13_UI_system_screenshot_path,system_screenshot_path,SUBOPTION,PRESENT_A13_VARIANT,UPSTREAM_INTENT_EQUIVALENT,YES,YES,LOW,P2,E4,NO,UNKNOWN_DISCOVERY,UNKNOWN_DISCOVERY,UNKNOWN_DISCOVERY,UI+featureSpec,KEY_MATCH,Phase E detailed design required,Preference+installer behavioral tests,NO,SEMANTICALLY_VERIFIED:shared ui key + a14/a13 implementation reads + same node family
system_screenshot,A14_UI_system_screenshot_quality,Quality,system_screenshot_quality,A13_UI_system_screenshot_quality,system_screenshot_quality,SUBOPTION,PRESENT_A13_VARIANT,UPSTREAM_INTENT_EQUIVALENT,YES,YES,LOW,P2,E4,NO,UNKNOWN_DISCOVERY,UNKNOWN_DISCOVERY,UNKNOWN_DISCOVERY,UI+featureSpec,KEY_MATCH,Phase E detailed design required,Preference+installer behavioral tests,NO,SEMANTICALLY_VERIFIED:shared ui key + a14/a13 implementation reads + same node family
system,EnhancedSecurityFeatureId,Enhanced Security,system_securelock,A13_UI_system_securelock,system_securelock,ACTIONABLE_FEATURE,PRESENT_A13_VARIANT,UPSTREAM_INTENT_EQUIVALENT,YES,YES,LOW,P2,E4,NO,UNKNOWN_DISCOVERY,SYSTEM_SERVER,UNKNOWN_DISCOVERY,UI+featureSpec,KEY_MATCH,Phase E detailed design required,Preference+installer behavioral tests,NO,SEMANTICALLY_VERIFIED:shared ui key + a14/a13 implementation reads + same node family
system_secureqs,SecureQSTilesFeatureId,Secure QS Tiles,system_secureqs,A13_UI_system_secureqs,system_secureqs,ACTIONABLE_FEATURE,PRESENT_A13_VARIANT,UPSTREAM_INTENT_EQUIVALENT,YES,YES,LOW,P2,E4,NO,UNKNOWN_DISCOVERY,SYSTEM_UI,UNKNOWN_DISCOVERY,UI+featureSpec,KEY_MATCH,Phase E detailed design required,Preference+installer behavioral tests,NO,SEMANTICALLY_VERIFIED:shared ui key + a14/a13 implementation reads + same node family
system_secureqs,A14_UI_system_secureqs_airplane,Airplane mode,system_secureqs_airplane,A13_UI_system_secureqs_airplane,system_secureqs_airplane,ACTIONABLE_FEATURE,PRESENT_A13_VARIANT,UPSTREAM_INTENT_EQUIVALENT,YES,YES,LOW,P2,E4,NO,UNKNOWN_DISCOVERY,UNKNOWN_DISCOVERY,UNKNOWN_DISCOVERY,UI+featureSpec,KEY_MATCH,Phase E detailed design required,Preference+installer behavioral tests,NO,SEMANTICALLY_VERIFIED:shared ui key + a14/a13 implementation reads + same node family
system_secureqs,A14_UI_system_secureqs_bt,Bluetooth,system_secureqs_bt,A13_UI_system_secureqs_bt,system_secureqs_bt,ACTIONABLE_FEATURE,PRESENT_A13_VARIANT,UPSTREAM_INTENT_EQUIVALENT,YES,YES,LOW,P2,E4,NO,UNKNOWN_DISCOVERY,UNKNOWN_DISCOVERY,UNKNOWN_DISCOVERY,UI+featureSpec,KEY_MATCH,Phase E detailed design required,Preference+installer behavioral tests,NO,SEMANTICALLY_VERIFIED:shared ui key + a14/a13 implementation reads + same node family
system_secureqs,A14_UI_system_secureqs_custom,All 3rd party tiles,system_secureqs_custom,A13_UI_system_secureqs_custom,system_secureqs_custom,ACTIONABLE_FEATURE,PRESENT_A13_VARIANT,UPSTREAM_INTENT_EQUIVALENT,YES,YES,LOW,P2,E4,NO,UNKNOWN_DISCOVERY,UNKNOWN_DISCOVERY,UNKNOWN_DISCOVERY,UI+featureSpec,KEY_MATCH,Phase E detailed design required,Preference+installer behavioral tests,NO,SEMANTICALLY_VERIFIED:shared ui key + a14/a13 implementation reads + same node family
system_secureqs,A14_UI_system_secureqs_hotspot,Hotspot,system_secureqs_hotspot,A13_UI_system_secureqs_hotspot,system_secureqs_hotspot,ACTIONABLE_FEATURE,PRESENT_A13_VARIANT,UPSTREAM_INTENT_EQUIVALENT,YES,YES,LOW,P2,E4,NO,UNKNOWN_DISCOVERY,UNKNOWN_DISCOVERY,UNKNOWN_DISCOVERY,UI+featureSpec,KEY_MATCH,Phase E detailed design required,Preference+installer behavioral tests,NO,SEMANTICALLY_VERIFIED:shared ui key + a14/a13 implementation reads + same node family
system_secureqs,A14_UI_system_secureqs_keepopened,Keep opened,system_secureqs_keepopened,A13_UI_system_secureqs_keepopened,system_secureqs_keepopened,ACTIONABLE_FEATURE,PRESENT_A13_VARIANT,UPSTREAM_INTENT_EQUIVALENT,YES,YES,LOW,P2,E4,NO,UNKNOWN_DISCOVERY,UNKNOWN_DISCOVERY,UNKNOWN_DISCOVERY,UI+featureSpec,KEY_MATCH,Phase E detailed design required,Preference+installer behavioral tests,NO,SEMANTICALLY_VERIFIED:shared ui key + a14/a13 implementation reads + same node family
system_secureqs,A14_UI_system_secureqs_location,Location,system_secureqs_location,A13_UI_system_secureqs_location,system_secureqs_location,ACTIONABLE_FEATURE,PRESENT_A13_VARIANT,UPSTREAM_INTENT_EQUIVALENT,YES,YES,LOW,P2,E4,NO,UNKNOWN_DISCOVERY,UNKNOWN_DISCOVERY,UNKNOWN_DISCOVERY,UI+featureSpec,KEY_MATCH,Phase E detailed design required,Preference+installer behavioral tests,NO,SEMANTICALLY_VERIFIED:shared ui key + a14/a13 implementation reads + same node family
system_secureqs,A14_UI_system_secureqs_mobiledata,Mobile data,system_secureqs_mobiledata,A13_UI_system_secureqs_mobiledata,system_secureqs_mobiledata,ACTIONABLE_FEATURE,PRESENT_A13_VARIANT,UPSTREAM_INTENT_EQUIVALENT,YES,YES,LOW,P2,E4,NO,UNKNOWN_DISCOVERY,UNKNOWN_DISCOVERY,UNKNOWN_DISCOVERY,UI+featureSpec,KEY_MATCH,Phase E detailed design required,Preference+installer behavioral tests,NO,SEMANTICALLY_VERIFIED:shared ui key + a14/a13 implementation reads + same node family
system_secureqs,A14_UI_system_secureqs_nfc,NFC,system_secureqs_nfc,A13_UI_system_secureqs_nfc,system_secureqs_nfc,ACTIONABLE_FEATURE,PRESENT_A13_VARIANT,UPSTREAM_INTENT_EQUIVALENT,YES,YES,LOW,P2,E4,NO,UNKNOWN_DISCOVERY,UNKNOWN_DISCOVERY,UNKNOWN_DISCOVERY,UI+featureSpec,KEY_MATCH,Phase E detailed design required,Preference+installer behavioral tests,NO,SEMANTICALLY_VERIFIED:shared ui key + a14/a13 implementation reads + same node family
system_secureqs,A14_UI_system_secureqs_sync,Synchronization,system_secureqs_sync,A13_UI_system_secureqs_sync,system_secureqs_sync,ACTIONABLE_FEATURE,PRESENT_A13_VARIANT,UPSTREAM_INTENT_EQUIVALENT,YES,YES,LOW,P2,E4,NO,UNKNOWN_DISCOVERY,UNKNOWN_DISCOVERY,UNKNOWN_DISCOVERY,UI+featureSpec,KEY_MATCH,Phase E detailed design required,Preference+installer behavioral tests,NO,SEMANTICALLY_VERIFIED:shared ui key + a14/a13 implementation reads + same node family
system_secureqs,A14_UI_system_secureqs_wifi,Wi-Fi,system_secureqs_wifi,A13_UI_system_secureqs_wifi,system_secureqs_wifi,ACTIONABLE_FEATURE,PRESENT_A13_VARIANT,UPSTREAM_INTENT_EQUIVALENT,YES,YES,LOW,P2,E4,NO,UNKNOWN_DISCOVERY,UNKNOWN_DISCOVERY,UNKNOWN_DISCOVERY,UI+featureSpec,KEY_MATCH,Phase E detailed design required,Preference+installer behavioral tests,NO,SEMANTICALLY_VERIFIED:shared ui key + a14/a13 implementation reads + same node family
system,ReplaceShortcutAppFeatureId,Replace Shortcut App,system_shortcut_app,A13_UI_system_shortcut_app,system_shortcut_app,ACTIONABLE_FEATURE,PRESENT_A13_VARIANT,UPSTREAM_INTENT_EQUIVALENT,YES,YES,LOW,P2,E4,NO,UNKNOWN_DISCOVERY,SYSTEM_UI,UNKNOWN_DISCOVERY,UI+featureSpec,KEY_MATCH,Phase E detailed design required,Preference+installer behavioral tests,NO,SEMANTICALLY_VERIFIED:shared ui key + a14/a13 implementation reads + same node family
system,BrightnessPctFeatureId,Brightness Pct,system_showpct,A13_UI_system_showpct,system_showpct,ACTIONABLE_FEATURE,PRESENT_A13_VARIANT,UPSTREAM_INTENT_EQUIVALENT,YES,YES,LOW,P2,E4,NO,UNKNOWN_DISCOVERY,SYSTEM_UI,UNKNOWN_DISCOVERY,UI+featureSpec,KEY_MATCH,Phase E detailed design required,Preference+installer behavioral tests,NO,SEMANTICALLY_VERIFIED:shared ui key + a14/a13 implementation reads + same node family
system,A14_UI_system_showpct_top,Percentages panel\'s top margin,system_showpct_top,A13_UI_system_showpct_top,system_showpct_top,SUBOPTION,PRESENT_A13_VARIANT,UPSTREAM_INTENT_EQUIVALENT,YES,YES,LOW,P2,E4,NO,UNKNOWN_DISCOVERY,UNKNOWN_DISCOVERY,UNKNOWN_DISCOVERY,UI+featureSpec,KEY_MATCH,Phase E detailed design required,Preference+installer behavioral tests,NO,SEMANTICALLY_VERIFIED:shared ui key + a14/a13 implementation reads + same node family
system_statusbar_righticons,A14_UI_system_statusbar_alarm_atleft,Alarm,system_statusbar_alarm_atleft,A13_UI_system_statusbar_alarm_atleft,system_statusbar_alarm_atleft,ACTIONABLE_FEATURE,PRESENT_A13_VARIANT,UPSTREAM_INTENT_EQUIVALENT,YES,YES,LOW,P2,E3,NO,UNKNOWN_DISCOVERY,UNKNOWN_DISCOVERY,UNKNOWN_DISCOVERY,UI+featureSpec,KEY_MATCH,Phase E detailed design required,Preference+installer behavioral tests,NO,SEMANTICALLY_VERIFIED:shared ui key + a14/a13 implementation reads + same node family
system_statusbar_righticons,StatusBarIconsPositionAdjustFeatureId,Status Bar Icons Position Adjust,system_statusbar_alarm_atright,A13_UI_system_statusbar_alarm_atright,system_statusbar_alarm_atright,ACTIONABLE_FEATURE,PRESENT_A13_VARIANT,UPSTREAM_INTENT_EQUIVALENT,YES,YES,LOW,P2,E3,NO,UNKNOWN_DISCOVERY,SYSTEM_UI,UNKNOWN_DISCOVERY,UI+featureSpec,KEY_MATCH,Phase E detailed design required,Preference+installer behavioral tests,NO,SEMANTICALLY_VERIFIED:shared ui key + a14/a13 implementation reads + same node family
system_statusbar_batterystyle,StatusBarStyleBatteryIconFeatureId,Status Bar Style Battery Icon,system_statusbar_batterystyle,A13_UI_system_statusbar_batterystyle,system_statusbar_batterystyle,ACTIONABLE_FEATURE,PRESENT_A13_VARIANT,UPSTREAM_INTENT_EQUIVALENT,YES,YES,LOW,P2,E3,NO,UNKNOWN_DISCOVERY,SYSTEM_UI,UNKNOWN_DISCOVERY,UI+featureSpec,KEY_MATCH,Phase E detailed design required,Preference+installer behavioral tests,NO,SEMANTICALLY_VERIFIED:shared ui key + a14/a13 implementation reads + same node family
system_statusbar_batterystyle,A14_UI_system_statusbar_batterystyle_bold,Bold style,system_statusbar_batterystyle_bold,A13_UI_system_statusbar_batterystyle_bold,system_statusbar_batterystyle_bold,ACTIONABLE_FEATURE,INSUFFICIENT_EVIDENCE,INSUFFICIENT_EVIDENCE,YES,NO,MEDIUM,P1,E3,NO,UNKNOWN_DISCOVERY,UNKNOWN_DISCOVERY,UNKNOWN_DISCOVERY,UI+featureSpec,KEY_MATCH,Phase E detailed design required,Preference+installer behavioral tests,NO,MECHANICAL_DISCOVERY:key match only
system_statusbar_batterystyle,A14_UI_system_statusbar_batterystyle_fontsize,Font size,system_statusbar_batterystyle_fontsize,A13_UI_system_statusbar_batterystyle_fontsize,system_statusbar_batterystyle_fontsize,SUBOPTION,INSUFFICIENT_EVIDENCE,INSUFFICIENT_EVIDENCE,YES,NO,MEDIUM,P1,E3,NO,UNKNOWN_DISCOVERY,UNKNOWN_DISCOVERY,UNKNOWN_DISCOVERY,UI+featureSpec,KEY_MATCH,Phase E detailed design required,Preference+installer behavioral tests,NO,MECHANICAL_DISCOVERY:key match only
system_statusbar_batterystyle,A14_UI_system_statusbar_batterystyle_leftmargin,Left margin,system_statusbar_batterystyle_leftmargin,A13_UI_system_statusbar_batterystyle_leftmargin,system_statusbar_batterystyle_leftmargin,SUBOPTION,INSUFFICIENT_EVIDENCE,INSUFFICIENT_EVIDENCE,YES,NO,MEDIUM,P1,E3,NO,UNKNOWN_DISCOVERY,UNKNOWN_DISCOVERY,UNKNOWN_DISCOVERY,UI+featureSpec,KEY_MATCH,Phase E detailed design required,Preference+installer behavioral tests,NO,MECHANICAL_DISCOVERY:key match only
system_statusbar_batterystyle,A14_UI_system_statusbar_batterystyle_mark_fontsize,Percentage mark\'s font size,system_statusbar_batterystyle_mark_fontsize,A13_UI_system_statusbar_batterystyle_mark_fontsize,system_statusbar_batterystyle_mark_fontsize,SUBOPTION,INSUFFICIENT_EVIDENCE,INSUFFICIENT_EVIDENCE,YES,NO,MEDIUM,P1,E3,NO,UNKNOWN_DISCOVERY,UNKNOWN_DISCOVERY,UNKNOWN_DISCOVERY,UI+featureSpec,KEY_MATCH,Phase E detailed design required,Preference+installer behavioral tests,NO,MECHANICAL_DISCOVERY:key match only
system_statusbar_batterystyle,A14_UI_system_statusbar_batterystyle_mark_verticaloffset,Percentage mark\'s vertical offset,system_statusbar_batterystyle_mark_verticaloffset,A13_UI_system_statusbar_batterystyle_mark_verticaloffset,system_statusbar_batterystyle_mark_verticaloffset,SUBOPTION,INSUFFICIENT_EVIDENCE,INSUFFICIENT_EVIDENCE,YES,NO,MEDIUM,P1,E3,NO,UNKNOWN_DISCOVERY,UNKNOWN_DISCOVERY,UNKNOWN_DISCOVERY,UI+featureSpec,KEY_MATCH,Phase E detailed design required,Preference+installer behavioral tests,NO,MECHANICAL_DISCOVERY:key match only
system_statusbar_batterystyle,A14_UI_system_statusbar_batterystyle_rightmargin,Right margin,system_statusbar_batterystyle_rightmargin,A13_UI_system_statusbar_batterystyle_rightmargin,system_statusbar_batterystyle_rightmargin,SUBOPTION,INSUFFICIENT_EVIDENCE,INSUFFICIENT_EVIDENCE,YES,NO,MEDIUM,P1,E3,NO,UNKNOWN_DISCOVERY,UNKNOWN_DISCOVERY,UNKNOWN_DISCOVERY,UI+featureSpec,KEY_MATCH,Phase E detailed design required,Preference+installer behavioral tests,NO,MECHANICAL_DISCOVERY:key match only
system_statusbar_batterystyle,A14_UI_system_statusbar_batterystyle_verticaloffset,Vertical offset,system_statusbar_batterystyle_verticaloffset,A13_UI_system_statusbar_batterystyle_verticaloffset,system_statusbar_batterystyle_verticaloffset,SUBOPTION,INSUFFICIENT_EVIDENCE,INSUFFICIENT_EVIDENCE,YES,NO,MEDIUM,P1,E3,NO,UNKNOWN_DISCOVERY,UNKNOWN_DISCOVERY,UNKNOWN_DISCOVERY,UI+featureSpec,KEY_MATCH,Phase E detailed design required,Preference+installer behavioral tests,NO,MECHANICAL_DISCOVERY:key match only
system_statusbar_batterytempandcurrent,MonitorDeviceInfoFeatureId,Monitor Device Info,system_statusbar_batterytempandcurrent,A13_UI_system_statusbar_batterytempandcurrent,system_statusbar_batterytempandcurrent,ACTIONABLE_FEATURE,PRESENT_A13_VARIANT,UPSTREAM_INTENT_EQUIVALENT,YES,YES,LOW,P2,E3,NO,UNKNOWN_DISCOVERY,SYSTEM_UI,UNKNOWN_DISCOVERY,UI+featureSpec,KEY_MATCH,Phase E detailed design required,Preference+installer behavioral tests,NO,SEMANTICALLY_VERIFIED:shared ui key + a14/a13 implementation reads + same node family
system_statusbar_batterytempandcurrent,A14_UI_system_statusbar_batterytempandcurrent_align,Horizontal alignment,system_statusbar_batterytempandcurrent_align,A13_UI_system_statusbar_batterytempandcurrent_align,system_statusbar_batterytempandcurrent_align,SUBOPTION,INSUFFICIENT_EVIDENCE,INSUFFICIENT_EVIDENCE,YES,NO,MEDIUM,P1,E3,NO,UNKNOWN_DISCOVERY,UNKNOWN_DISCOVERY,UNKNOWN_DISCOVERY,UI+featureSpec,KEY_MATCH,Phase E detailed design required,Preference+installer behavioral tests,NO,MECHANICAL_DISCOVERY:key match only
system_statusbar_batterytempandcurrent,A14_UI_system_statusbar_batterytempandcurrent_atright,Display on the right,system_statusbar_batterytempandcurrent_atright,A13_UI_system_statusbar_batterytempandcurrent_atright,system_statusbar_batterytempandcurrent_atright,ACTIONABLE_FEATURE,PRESENT_A13_VARIANT,UPSTREAM_INTENT_EQUIVALENT,YES,YES,LOW,P2,E3,NO,UNKNOWN_DISCOVERY,UNKNOWN_DISCOVERY,UNKNOWN_DISCOVERY,UI+featureSpec,KEY_MATCH,Phase E detailed design required,Preference+installer behavioral tests,NO,SEMANTICALLY_VERIFIED:shared ui key + a14/a13 implementation reads + same node family
system_statusbar_batterytempandcurrent,A14_UI_system_statusbar_batterytempandcurrent_bold,Bold style,system_statusbar_batterytempandcurrent_bold,A13_UI_system_statusbar_batterytempandcurrent_bold,system_statusbar_batterytempandcurrent_bold,ACTIONABLE_FEATURE,INSUFFICIENT_EVIDENCE,INSUFFICIENT_EVIDENCE,YES,NO,MEDIUM,P1,E3,NO,UNKNOWN_DISCOVERY,UNKNOWN_DISCOVERY,UNKNOWN_DISCOVERY,UI+featureSpec,KEY_MATCH,Phase E detailed design required,Preference+installer behavioral tests,NO,MECHANICAL_DISCOVERY:key match only
system_statusbar_batterytempandcurrent,A14_UI_system_statusbar_batterytempandcurrent_content,Display Content,system_statusbar_batterytempandcurrent_content,A13_UI_system_statusbar_batterytempandcurrent_content,system_statusbar_batterytempandcurrent_content,SUBOPTION,PRESENT_A13_VARIANT,UPSTREAM_INTENT_EQUIVALENT,YES,YES,LOW,P2,E3,NO,UNKNOWN_DISCOVERY,UNKNOWN_DISCOVERY,UNKNOWN_DISCOVERY,UI+featureSpec,KEY_MATCH,Phase E detailed design required,Preference+installer behavioral tests,NO,SEMANTICALLY_VERIFIED:shared ui key + a14/a13 implementation reads + same node family
system_statusbar_batterytempandcurrent,A14_UI_system_statusbar_batterytempandcurrent_fixcurrentratio,Fix Current value ratio on some devices,system_statusbar_batterytempandcurrent_fixcurrentratio,A13_UI_system_statusbar_batterytempandcurrent_fixcurrentratio,system_statusbar_batterytempandcurrent_fixcurrentratio,ACTIONABLE_FEATURE,PRESENT_A13_VARIANT,UPSTREAM_INTENT_EQUIVALENT,YES,YES,LOW,P2,E3,NO,UNKNOWN_DISCOVERY,UNKNOWN_DISCOVERY,UNKNOWN_DISCOVERY,UI+featureSpec,KEY_MATCH,Phase E detailed design required,Preference+installer behavioral tests,NO,SEMANTICALLY_VERIFIED:shared ui key + a14/a13 implementation reads + same node family
system_statusbar_batterytempandcurrent,A14_UI_system_statusbar_batterytempandcurrent_fixedcontent_width,Fix content width to prevent horizontal jitter,system_statusbar_batterytempandcurrent_fixedcontent_width,A13_UI_system_statusbar_batterytempandcurrent_fixedcontent_width,system_statusbar_batterytempandcurrent_fixedcontent_width,SUBOPTION,INSUFFICIENT_EVIDENCE,INSUFFICIENT_EVIDENCE,YES,NO,MEDIUM,P1,E3,NO,UNKNOWN_DISCOVERY,UNKNOWN_DISCOVERY,UNKNOWN_DISCOVERY,UI+featureSpec,KEY_MATCH,Phase E detailed design required,Preference+installer behavioral tests,NO,MECHANICAL_DISCOVERY:key match only
system_statusbar_batterytempandcurrent,A14_UI_system_statusbar_batterytempandcurrent_fontsize,Font size,system_statusbar_batterytempandcurrent_fontsize,A13_UI_system_statusbar_batterytempandcurrent_fontsize,system_statusbar_batterytempandcurrent_fontsize,SUBOPTION,INSUFFICIENT_EVIDENCE,INSUFFICIENT_EVIDENCE,YES,NO,MEDIUM,P1,E3,NO,UNKNOWN_DISCOVERY,UNKNOWN_DISCOVERY,UNKNOWN_DISCOVERY,UI+featureSpec,KEY_MATCH,Phase E detailed design required,Preference+installer behavioral tests,NO,MECHANICAL_DISCOVERY:key match only
system_statusbar_batterytempandcurrent,A14_UI_system_statusbar_batterytempandcurrent_hideunit,Hide unit,system_statusbar_batterytempandcurrent_hideunit,A13_UI_system_statusbar_batterytempandcurrent_hideunit,system_statusbar_batterytempandcurrent_hideunit,SUBOPTION,PRESENT_A13_VARIANT,UPSTREAM_INTENT_EQUIVALENT,YES,YES,LOW,P2,E3,NO,UNKNOWN_DISCOVERY,UNKNOWN_DISCOVERY,UNKNOWN_DISCOVERY,UI+featureSpec,KEY_MATCH,Phase E detailed design required,Preference+installer behavioral tests,NO,SEMANTICALLY_VERIFIED:shared ui key + a14/a13 implementation reads + same node family
system_statusbar_batterytempandcurrent,A14_UI_system_statusbar_batterytempandcurrent_incharge,Show when charging only,system_statusbar_batterytempandcurrent_incharge,A13_UI_system_statusbar_batterytempandcurrent_incharge,system_statusbar_batterytempandcurrent_incharge,ACTIONABLE_FEATURE,PRESENT_A13_VARIANT,UPSTREAM_INTENT_EQUIVALENT,YES,YES,LOW,P2,E3,NO,UNKNOWN_DISCOVERY,UNKNOWN_DISCOVERY,UNKNOWN_DISCOVERY,UI+featureSpec,KEY_MATCH,Phase E detailed design required,Preference+installer behavioral tests,NO,SEMANTICALLY_VERIFIED:shared ui key + a14/a13 implementation reads + same node family
system_statusbar_batterytempandcurrent,A14_UI_system_statusbar_batterytempandcurrent_leftmargin,Left margin,system_statusbar_batterytempandcurrent_leftmargin,A13_UI_system_statusbar_batterytempandcurrent_leftmargin,system_statusbar_batterytempandcurrent_leftmargin,SUBOPTION,INSUFFICIENT_EVIDENCE,INSUFFICIENT_EVIDENCE,YES,NO,MEDIUM,P1,E3,NO,UNKNOWN_DISCOVERY,UNKNOWN_DISCOVERY,UNKNOWN_DISCOVERY,UI+featureSpec,KEY_MATCH,Phase E detailed design required,Preference+installer behavioral tests,NO,MECHANICAL_DISCOVERY:key match only
system_statusbar_batterytempandcurrent,A14_UI_system_statusbar_batterytempandcurrent_positive,Current value is always positive,system_statusbar_batterytempandcurrent_positive,A13_UI_system_statusbar_batterytempandcurrent_positive,system_statusbar_batterytempandcurrent_positive,ACTIONABLE_FEATURE,PRESENT_A13_VARIANT,UPSTREAM_INTENT_EQUIVALENT,YES,YES,LOW,P2,E3,NO,UNKNOWN_DISCOVERY,UNKNOWN_DISCOVERY,UNKNOWN_DISCOVERY,UI+featureSpec,KEY_MATCH,Phase E detailed design required,Preference+installer behavioral tests,NO,SEMANTICALLY_VERIFIED:shared ui key + a14/a13 implementation reads + same node family
system_statusbar_batterytempandcurrent,A14_UI_system_statusbar_batterytempandcurrent_reverseorder,Reverse order,system_statusbar_batterytempandcurrent_reverseorder,A13_UI_system_statusbar_batterytempandcurrent_reverseorder,system_statusbar_batterytempandcurrent_reverseorder,ACTIONABLE_FEATURE,PRESENT_A13_VARIANT,UPSTREAM_INTENT_EQUIVALENT,YES,YES,LOW,P2,E3,NO,UNKNOWN_DISCOVERY,UNKNOWN_DISCOVERY,UNKNOWN_DISCOVERY,UI+featureSpec,KEY_MATCH,Phase E detailed design required,Preference+installer behavioral tests,NO,SEMANTICALLY_VERIFIED:shared ui key + a14/a13 implementation reads + same node family
system_statusbar_batterytempandcurrent,A14_UI_system_statusbar_batterytempandcurrent_rightmargin,Right margin,system_statusbar_batterytempandcurrent_rightmargin,A13_UI_system_statusbar_batterytempandcurrent_rightmargin,system_statusbar_batterytempandcurrent_rightmargin,SUBOPTION,INSUFFICIENT_EVIDENCE,INSUFFICIENT_EVIDENCE,YES,NO,MEDIUM,P1,E3,NO,UNKNOWN_DISCOVERY,UNKNOWN_DISCOVERY,UNKNOWN_DISCOVERY,UI+featureSpec,KEY_MATCH,Phase E detailed design required,Preference+installer behavioral tests,NO,MECHANICAL_DISCOVERY:key match only
system_statusbar_batterytempandcurrent,A14_UI_system_statusbar_batterytempandcurrent_singlerow,Display in single row,system_statusbar_batterytempandcurrent_singlerow,A13_UI_system_statusbar_batterytempandcurrent_singlerow,system_statusbar_batterytempandcurrent_singlerow,ACTIONABLE_FEATURE,PRESENT_A13_VARIANT,UPSTREAM_INTENT_EQUIVALENT,YES,YES,LOW,P2,E3,NO,UNKNOWN_DISCOVERY,UNKNOWN_DISCOVERY,UNKNOWN_DISCOVERY,UI+featureSpec,KEY_MATCH,Phase E detailed design required,Preference+installer behavioral tests,NO,SEMANTICALLY_VERIFIED:shared ui key + a14/a13 implementation reads + same node family
system_statusbar_batterytempandcurrent,A14_UI_system_statusbar_batterytempandcurrent_temp_decimal,Temperature is always displayed as a decimal,system_statusbar_batterytempandcurrent_temp_decimal,A13_UI_system_statusbar_batterytempandcurrent_temp_decimal,system_statusbar_batterytempandcurrent_temp_decimal,ACTIONABLE_FEATURE,PRESENT_A13_VARIANT,UPSTREAM_INTENT_EQUIVALENT,YES,YES,LOW,P2,E3,NO,UNKNOWN_DISCOVERY,UNKNOWN_DISCOVERY,UNKNOWN_DISCOVERY,UI+featureSpec,KEY_MATCH,Phase E detailed design required,Preference+installer behavioral tests,NO,SEMANTICALLY_VERIFIED:shared ui key + a14/a13 implementation reads + same node family
system_statusbar_batterytempandcurrent,A14_UI_system_statusbar_batterytempandcurrent_verticaloffset,Vertical offset,system_statusbar_batterytempandcurrent_verticaloffset,A13_UI_system_statusbar_batterytempandcurrent_verticaloffset,system_statusbar_batterytempandcurrent_verticaloffset,SUBOPTION,INSUFFICIENT_EVIDENCE,INSUFFICIENT_EVIDENCE,YES,NO,MEDIUM,P1,E3,NO,UNKNOWN_DISCOVERY,UNKNOWN_DISCOVERY,UNKNOWN_DISCOVERY,UI+featureSpec,KEY_MATCH,Phase E detailed design required,Preference+installer behavioral tests,NO,MECHANICAL_DISCOVERY:key match only
system_statusbar_righticons,A14_UI_system_statusbar_btbattery_atright,Bluetooth battery,system_statusbar_btbattery_atright,A13_UI_system_statusbar_btbattery_atright,system_statusbar_btbattery_atright,ACTIONABLE_FEATURE,PRESENT_A13_VARIANT,UPSTREAM_INTENT_EQUIVALENT,YES,YES,LOW,P2,E3,NO,UNKNOWN_DISCOVERY,UNKNOWN_DISCOVERY,UNKNOWN_DISCOVERY,UI+featureSpec,KEY_MATCH,Phase E detailed design required,Preference+installer behavioral tests,NO,SEMANTICALLY_VERIFIED:shared ui key + a14/a13 implementation reads + same node family
system_statusbar_clock,A14_UI_system_statusbar_clock_24hour_format,24-hour time format,system_statusbar_clock_24hour_format,A13_UI_system_statusbar_clock_24hour_format,system_statusbar_clock_24hour_format,ACTIONABLE_FEATURE,PRESENT_A13_VARIANT,UPSTREAM_INTENT_EQUIVALENT,YES,YES,LOW,P2,E3,NO,UNKNOWN_DISCOVERY,UNKNOWN_DISCOVERY,UNKNOWN_DISCOVERY,UI+featureSpec,KEY_MATCH,Phase E detailed design required,Preference+installer behavioral tests,NO,SEMANTICALLY_VERIFIED:shared ui key + a14/a13 implementation reads + same node family
system_statusbar_clock,A14_UI_system_statusbar_clock_align,Horizontal alignment,system_statusbar_clock_align,A13_UI_system_statusbar_clock_align,system_statusbar_clock_align,SUBOPTION,INSUFFICIENT_EVIDENCE,INSUFFICIENT_EVIDENCE,YES,NO,MEDIUM,P1,E3,NO,UNKNOWN_DISCOVERY,UNKNOWN_DISCOVERY,UNKNOWN_DISCOVERY,UI+featureSpec,KEY_MATCH,Phase E detailed design required,Preference+installer behavioral tests,NO,MECHANICAL_DISCOVERY:key match only
system_statusbar_clock,A14_UI_system_statusbar_clock_bold,Bold style,system_statusbar_clock_bold,A13_UI_system_statusbar_clock_bold,system_statusbar_clock_bold,ACTIONABLE_FEATURE,INSUFFICIENT_EVIDENCE,INSUFFICIENT_EVIDENCE,YES,NO,MEDIUM,P1,E3,NO,UNKNOWN_DISCOVERY,UNKNOWN_DISCOVERY,UNKNOWN_DISCOVERY,UI+featureSpec,KEY_MATCH,Phase E detailed design required,Preference+installer behavioral tests,NO,MECHANICAL_DISCOVERY:key match only
system_statusbar_clock,A14_UI_system_statusbar_clock_chip,Show colorful bubble behind the time,system_statusbar_clock_chip,A13_UI_system_statusbar_clock_chip,system_statusbar_clock_chip,ACTIONABLE_FEATURE,PRESENT_A13_VARIANT,UPSTREAM_INTENT_EQUIVALENT,YES,YES,LOW,P2,E3,NO,UNKNOWN_DISCOVERY,UNKNOWN_DISCOVERY,UNKNOWN_DISCOVERY,UI+featureSpec,KEY_MATCH,Phase E detailed design required,Preference+installer behavioral tests,NO,SEMANTICALLY_VERIFIED:shared ui key + a14/a13 implementation reads + same node family
system_statusbar_clock,A14_UI_system_statusbar_clock_chip_customtextcolor,Custom text color,system_statusbar_clock_chip_customtextcolor,A13_UI_system_statusbar_clock_chip_customtextcolor,system_statusbar_clock_chip_customtextcolor,ACTIONABLE_FEATURE,PRESENT_A13_VARIANT,UPSTREAM_INTENT_EQUIVALENT,YES,YES,LOW,P2,E3,NO,UNKNOWN_DISCOVERY,UNKNOWN_DISCOVERY,UNKNOWN_DISCOVERY,UI+featureSpec,KEY_MATCH,Phase E detailed design required,Preference+installer behavioral tests,NO,SEMANTICALLY_VERIFIED:shared ui key + a14/a13 implementation reads + same node family
system_statusbar_clock,A14_UI_system_statusbar_clock_chip_endcolor,End color,system_statusbar_clock_chip_endcolor,A13_UI_system_statusbar_clock_chip_endcolor,system_statusbar_clock_chip_endcolor,ACTIONABLE_FEATURE,PRESENT_A13_VARIANT,UPSTREAM_INTENT_EQUIVALENT,YES,YES,LOW,P2,E3,NO,UNKNOWN_DISCOVERY,UNKNOWN_DISCOVERY,UNKNOWN_DISCOVERY,UI+featureSpec,KEY_MATCH,Phase E detailed design required,Preference+installer behavioral tests,NO,SEMANTICALLY_VERIFIED:shared ui key + a14/a13 implementation reads + same node family
system_statusbar_clock,A14_UI_system_statusbar_clock_chip_horizpadding,Horizontal padding,system_statusbar_clock_chip_horizpadding,A13_UI_system_statusbar_clock_chip_horizpadding,system_statusbar_clock_chip_horizpadding,SUBOPTION,PRESENT_A13_VARIANT,UPSTREAM_INTENT_EQUIVALENT,YES,YES,LOW,P2,E3,NO,UNKNOWN_DISCOVERY,UNKNOWN_DISCOVERY,UNKNOWN_DISCOVERY,UI+featureSpec,KEY_MATCH,Phase E detailed design required,Preference+installer behavioral tests,NO,SEMANTICALLY_VERIFIED:shared ui key + a14/a13 implementation reads + same node family
system_statusbar_clock,A14_UI_system_statusbar_clock_chip_orientation_vertical,Draw the gradient from the top to the bottom,system_statusbar_clock_chip_orientation_vertical,A13_UI_system_statusbar_clock_chip_orientation_vertical,system_statusbar_clock_chip_orientation_vertical,ACTIONABLE_FEATURE,PRESENT_A13_VARIANT,UPSTREAM_INTENT_EQUIVALENT,YES,YES,LOW,P2,E3,NO,UNKNOWN_DISCOVERY,UNKNOWN_DISCOVERY,UNKNOWN_DISCOVERY,UI+featureSpec,KEY_MATCH,Phase E detailed design required,Preference+installer behavioral tests,NO,SEMANTICALLY_VERIFIED:shared ui key + a14/a13 implementation reads + same node family
system_statusbar_clock,A14_UI_system_statusbar_clock_chip_radius,Corner radius,system_statusbar_clock_chip_radius,A13_UI_system_statusbar_clock_chip_radius,system_statusbar_clock_chip_radius,SUBOPTION,PRESENT_A13_VARIANT,UPSTREAM_INTENT_EQUIVALENT,YES,YES,LOW,P2,E3,NO,UNKNOWN_DISCOVERY,UNKNOWN_DISCOVERY,UNKNOWN_DISCOVERY,UI+featureSpec,KEY_MATCH,Phase E detailed design required,Preference+installer behavioral tests,NO,SEMANTICALLY_VERIFIED:shared ui key + a14/a13 implementation reads + same node family
system_statusbar_clock,A14_UI_system_statusbar_clock_chip_startcolor,Start color,system_statusbar_clock_chip_startcolor,A13_UI_system_statusbar_clock_chip_startcolor,system_statusbar_clock_chip_startcolor,ACTIONABLE_FEATURE,PRESENT_A13_VARIANT,UPSTREAM_INTENT_EQUIVALENT,YES,YES,LOW,P2,E3,NO,UNKNOWN_DISCOVERY,UNKNOWN_DISCOVERY,UNKNOWN_DISCOVERY,UI+featureSpec,KEY_MATCH,Phase E detailed design required,Preference+installer behavioral tests,NO,SEMANTICALLY_VERIFIED:shared ui key + a14/a13 implementation reads + same node family
system_statusbar_clock,A14_UI_system_statusbar_clock_chip_textcolor,Custom color,system_statusbar_clock_chip_textcolor,A13_UI_system_statusbar_clock_chip_textcolor,system_statusbar_clock_chip_textcolor,ACTIONABLE_FEATURE,PRESENT_A13_VARIANT,UPSTREAM_INTENT_EQUIVALENT,YES,YES,LOW,P2,E3,NO,UNKNOWN_DISCOVERY,UNKNOWN_DISCOVERY,UNKNOWN_DISCOVERY,UI+featureSpec,KEY_MATCH,Phase E detailed design required,Preference+installer behavioral tests,NO,SEMANTICALLY_VERIFIED:shared ui key + a14/a13 implementation reads + same node family
system_statusbar_clock,A14_UI_system_statusbar_clock_chip_usemonet,Dynamic color,system_statusbar_clock_chip_usemonet,A13_UI_system_statusbar_clock_chip_usemonet,system_statusbar_clock_chip_usemonet,ACTIONABLE_FEATURE,PRESENT_A13_VARIANT,UPSTREAM_INTENT_EQUIVALENT,YES,YES,LOW,P2,E3,NO,UNKNOWN_DISCOVERY,UNKNOWN_DISCOVERY,UNKNOWN_DISCOVERY,UI+featureSpec,KEY_MATCH,Phase E detailed design required,Preference+installer behavioral tests,NO,SEMANTICALLY_VERIFIED:shared ui key + a14/a13 implementation reads + same node family
system_statusbar_clock,A14_UI_system_statusbar_clock_chip_verticalpadding,Vertical padding,system_statusbar_clock_chip_verticalpadding,A13_UI_system_statusbar_clock_chip_verticalpadding,system_statusbar_clock_chip_verticalpadding,SUBOPTION,PRESENT_A13_VARIANT,UPSTREAM_INTENT_EQUIVALENT,YES,YES,LOW,P2,E3,NO,UNKNOWN_DISCOVERY,UNKNOWN_DISCOVERY,UNKNOWN_DISCOVERY,UI+featureSpec,KEY_MATCH,Phase E detailed design required,Preference+installer behavioral tests,NO,SEMANTICALLY_VERIFIED:shared ui key + a14/a13 implementation reads + same node family
system_statusbar_clock,A14_UI_system_statusbar_clock_customformat,Set format,system_statusbar_clock_customformat,A13_UI_system_statusbar_clock_customformat,system_statusbar_clock_customformat,ACTIONABLE_FEATURE,PRESENT_A13_VARIANT,UPSTREAM_INTENT_EQUIVALENT,YES,YES,LOW,P2,E3,NO,UNKNOWN_DISCOVERY,UNKNOWN_DISCOVERY,UNKNOWN_DISCOVERY,UI+featureSpec,KEY_MATCH,Phase E detailed design required,Preference+installer behavioral tests,NO,SEMANTICALLY_VERIFIED:shared ui key + a14/a13 implementation reads + same node family
system_statusbar_clock,A14_UI_system_statusbar_clock_customformat_enable,Enable custom format,system_statusbar_clock_customformat_enable,A13_UI_system_statusbar_clock_customformat_enable,system_statusbar_clock_customformat_enable,ACTIONABLE_FEATURE,PRESENT_A13_VARIANT,UPSTREAM_INTENT_EQUIVALENT,YES,YES,LOW,P2,E3,NO,UNKNOWN_DISCOVERY,UNKNOWN_DISCOVERY,UNKNOWN_DISCOVERY,UI+featureSpec,KEY_MATCH,Phase E detailed design required,Preference+installer behavioral tests,NO,SEMANTICALLY_VERIFIED:shared ui key + a14/a13 implementation reads + same node family
system_statusbar_clock,A14_UI_system_statusbar_clock_fixedcontent_width,Fix content width to prevent horizontal jitter,system_statusbar_clock_fixedcontent_width,A13_UI_system_statusbar_clock_fixedcontent_width,system_statusbar_clock_fixedcontent_width,SUBOPTION,INSUFFICIENT_EVIDENCE,INSUFFICIENT_EVIDENCE,YES,NO,MEDIUM,P1,E3,NO,UNKNOWN_DISCOVERY,UNKNOWN_DISCOVERY,UNKNOWN_DISCOVERY,UI+featureSpec,KEY_MATCH,Phase E detailed design required,Preference+installer behavioral tests,NO,MECHANICAL_DISCOVERY:key match only
system_statusbar_clock,A14_UI_system_statusbar_clock_fontsize,Font size,system_statusbar_clock_fontsize,A13_UI_system_statusbar_clock_fontsize,system_statusbar_clock_fontsize,SUBOPTION,PRESENT_A13_VARIANT,UPSTREAM_INTENT_EQUIVALENT,YES,YES,LOW,P2,E3,NO,UNKNOWN_DISCOVERY,UNKNOWN_DISCOVERY,UNKNOWN_DISCOVERY,UI+featureSpec,KEY_MATCH,Phase E detailed design required,Preference+installer behavioral tests,NO,SEMANTICALLY_VERIFIED:shared ui key + a14/a13 implementation reads + same node family
system_statusbar_clock,A14_UI_system_statusbar_clock_leadingzero,Show leading zero to hours,system_statusbar_clock_leadingzero,A13_UI_system_statusbar_clock_leadingzero,system_statusbar_clock_leadingzero,ACTIONABLE_FEATURE,PRESENT_A13_VARIANT,UPSTREAM_INTENT_EQUIVALENT,YES,YES,LOW,P2,E3,NO,UNKNOWN_DISCOVERY,UNKNOWN_DISCOVERY,UNKNOWN_DISCOVERY,UI+featureSpec,KEY_MATCH,Phase E detailed design required,Preference+installer behavioral tests,NO,SEMANTICALLY_VERIFIED:shared ui key + a14/a13 implementation reads + same node family
system_statusbar_clock,A14_UI_system_statusbar_clock_leftmargin,Left margin,system_statusbar_clock_leftmargin,A13_UI_system_statusbar_clock_leftmargin,system_statusbar_clock_leftmargin,SUBOPTION,PRESENT_A13_VARIANT,UPSTREAM_INTENT_EQUIVALENT,YES,YES,LOW,P2,E3,NO,UNKNOWN_DISCOVERY,UNKNOWN_DISCOVERY,UNKNOWN_DISCOVERY,UI+featureSpec,KEY_MATCH,Phase E detailed design required,Preference+installer behavioral tests,NO,SEMANTICALLY_VERIFIED:shared ui key + a14/a13 implementation reads + same node family
system_statusbar_righticons,StatusBarClockPositionFeatureId,Status Bar Clock Position,system_statusbar_clock_position,A13_UI_system_statusbar_clock_position,system_statusbar_clock_position,SUBOPTION,PRESENT_A13_VARIANT,UPSTREAM_INTENT_EQUIVALENT,YES,YES,LOW,P2,E3,NO,UNKNOWN_DISCOVERY,SYSTEM_UI,UNKNOWN_DISCOVERY,UI+featureSpec,KEY_MATCH,Phase E detailed design required,Preference+installer behavioral tests,NO,SEMANTICALLY_VERIFIED:shared ui key + a14/a13 implementation reads + same node family
system_statusbar_clock,A14_UI_system_statusbar_clock_rightmargin,Right margin,system_statusbar_clock_rightmargin,A13_UI_system_statusbar_clock_rightmargin,system_statusbar_clock_rightmargin,SUBOPTION,PRESENT_A13_VARIANT,UPSTREAM_INTENT_EQUIVALENT,YES,YES,LOW,P2,E3,NO,UNKNOWN_DISCOVERY,UNKNOWN_DISCOVERY,UNKNOWN_DISCOVERY,UI+featureSpec,KEY_MATCH,Phase E detailed design required,Preference+installer behavioral tests,NO,SEMANTICALLY_VERIFIED:shared ui key + a14/a13 implementation reads + same node family
system_statusbar_clock,A14_UI_system_statusbar_clock_show_ampm,Show AM|PM,system_statusbar_clock_show_ampm,A13_UI_system_statusbar_clock_show_ampm,system_statusbar_clock_show_ampm,ACTIONABLE_FEATURE,PRESENT_A13_VARIANT,UPSTREAM_INTENT_EQUIVALENT,YES,YES,LOW,P2,E3,NO,UNKNOWN_DISCOVERY,UNKNOWN_DISCOVERY,UNKNOWN_DISCOVERY,UI+featureSpec,KEY_MATCH,Phase E detailed design required,Preference+installer behavioral tests,NO,SEMANTICALLY_VERIFIED:shared ui key + a14/a13 implementation reads + same node family
system_statusbar_clock,A14_UI_system_statusbar_clock_show_seconds,Show seconds,system_statusbar_clock_show_seconds,A13_UI_system_statusbar_clock_show_seconds,system_statusbar_clock_show_seconds,ACTIONABLE_FEATURE,PRESENT_A13_VARIANT,UPSTREAM_INTENT_EQUIVALENT,YES,YES,LOW,P2,E3,NO,UNKNOWN_DISCOVERY,UNKNOWN_DISCOVERY,UNKNOWN_DISCOVERY,UI+featureSpec,KEY_MATCH,Phase E detailed design required,Preference+installer behavioral tests,NO,SEMANTICALLY_VERIFIED:shared ui key + a14/a13 implementation reads + same node family
system_statusbar_clock,A14_UI_system_statusbar_clock_verticaloffset,Vertical offset,system_statusbar_clock_verticaloffset,A13_UI_system_statusbar_clock_verticaloffset,system_statusbar_clock_verticaloffset,SUBOPTION,PRESENT_A13_VARIANT,UPSTREAM_INTENT_EQUIVALENT,YES,YES,LOW,P2,E3,NO,UNKNOWN_DISCOVERY,UNKNOWN_DISCOVERY,UNKNOWN_DISCOVERY,UI+featureSpec,KEY_MATCH,Phase E detailed design required,Preference+installer behavioral tests,NO,SEMANTICALLY_VERIFIED:shared ui key + a14/a13 implementation reads + same node family
system_statusbar_clock,StatusBarClockTweakFeatureId,Status Bar Clock Tweak,system_statusbar_clocktweak,A13_UI_system_statusbar_clocktweak,system_statusbar_clocktweak,ACTIONABLE_FEATURE,PRESENT_A13_VARIANT,UPSTREAM_INTENT_EQUIVALENT,YES,YES,LOW,P2,E3,NO,UNKNOWN_DISCOVERY,SYSTEM_UI,UNKNOWN_DISCOVERY,UI+featureSpec,KEY_MATCH,Phase E detailed design required,Preference+installer behavioral tests,NO,SEMANTICALLY_VERIFIED:shared ui key + a14/a13 implementation reads + same node family
system,StatusBarContentGeometryFeatureId,Status Bar Content Geometry,system_statusbar_content_vertical_offset,,,SUBOPTION,MISSING_IN_A13,A14_NEW_FEATURE,YES,NO,HIGH,P1,E4,NO,UNKNOWN_DISCOVERY,SYSTEM_UI,UNKNOWN_DISCOVERY,UI+featureSpec,NO_KEY,Phase E detailed design required,Preference+installer behavioral tests,NO,No A13 UI/schema key
system_statusbar_righticons,A14_UI_system_statusbar_dnd_atleft,Do not disturb mode,system_statusbar_dnd_atleft,A13_UI_system_statusbar_dnd_atleft,system_statusbar_dnd_atleft,ACTIONABLE_FEATURE,PRESENT_A13_VARIANT,UPSTREAM_INTENT_EQUIVALENT,YES,YES,LOW,P2,E3,NO,UNKNOWN_DISCOVERY,UNKNOWN_DISCOVERY,UNKNOWN_DISCOVERY,UI+featureSpec,KEY_MATCH,Phase E detailed design required,Preference+installer behavioral tests,NO,SEMANTICALLY_VERIFIED:shared ui key + a14/a13 implementation reads + same node family
system,DualRowsStatusbarFeatureId,Dual Rows Statusbar,system_statusbar_dualrows,A13_UI_system_statusbar_dualrows,system_statusbar_dualrows,ACTIONABLE_FEATURE,PRESENT_A13_VARIANT,UPSTREAM_INTENT_EQUIVALENT,YES,YES,LOW,P2,E4,NO,UNKNOWN_DISCOVERY,SYSTEM_UI,UNKNOWN_DISCOVERY,UI+featureSpec,KEY_MATCH,Phase E detailed design required,Preference+installer behavioral tests,NO,SEMANTICALLY_VERIFIED:shared ui key + a14/a13 implementation reads + same node family
system,A14_UI_system_statusbar_dualrows_clock_span2rows,Make clock span two rows,system_statusbar_dualrows_clock_span2rows,A13_UI_system_statusbar_dualrows_clock_span2rows,system_statusbar_dualrows_clock_span2rows,ACTIONABLE_FEATURE,PRESENT_A13_VARIANT,UPSTREAM_INTENT_EQUIVALENT,YES,YES,LOW,P2,E4,NO,UNKNOWN_DISCOVERY,UNKNOWN_DISCOVERY,UNKNOWN_DISCOVERY,UI+featureSpec,KEY_MATCH,Phase E detailed design required,Preference+installer behavioral tests,NO,SEMANTICALLY_VERIFIED:shared ui key + a14/a13 implementation reads + same node family
system,A14_UI_system_statusbar_dualrows_firstrow_horizmargin,First row horizontal padding,system_statusbar_dualrows_firstrow_horizmargin,A13_UI_system_statusbar_dualrows_firstrow_horizmargin,system_statusbar_dualrows_firstrow_horizmargin,ACTIONABLE_FEATURE,PRESENT_A13_VARIANT,UPSTREAM_INTENT_EQUIVALENT,YES,YES,LOW,P2,E4,NO,UNKNOWN_DISCOVERY,UNKNOWN_DISCOVERY,UNKNOWN_DISCOVERY,UI+featureSpec,KEY_MATCH,Phase E detailed design required,Preference+installer behavioral tests,NO,SEMANTICALLY_VERIFIED:shared ui key + a14/a13 implementation reads + same node family
system,A14_UI_system_statusbar_dualrows_firstrow_horizmargin_left,Left margin,system_statusbar_dualrows_firstrow_horizmargin_left,A13_UI_system_statusbar_dualrows_firstrow_horizmargin_left,system_statusbar_dualrows_firstrow_horizmargin_left,SUBOPTION,PRESENT_A13_VARIANT,UPSTREAM_INTENT_EQUIVALENT,YES,YES,LOW,P2,E4,NO,UNKNOWN_DISCOVERY,UNKNOWN_DISCOVERY,UNKNOWN_DISCOVERY,UI+featureSpec,KEY_MATCH,Phase E detailed design required,Preference+installer behavioral tests,NO,SEMANTICALLY_VERIFIED:shared ui key + a14/a13 implementation reads + same node family
system,A14_UI_system_statusbar_dualrows_firstrow_horizmargin_right,Right margin,system_statusbar_dualrows_firstrow_horizmargin_right,A13_UI_system_statusbar_dualrows_firstrow_horizmargin_right,system_statusbar_dualrows_firstrow_horizmargin_right,SUBOPTION,PRESENT_A13_VARIANT,UPSTREAM_INTENT_EQUIVALENT,YES,YES,LOW,P2,E4,NO,UNKNOWN_DISCOVERY,UNKNOWN_DISCOVERY,UNKNOWN_DISCOVERY,UI+featureSpec,KEY_MATCH,Phase E detailed design required,Preference+installer behavioral tests,NO,SEMANTICALLY_VERIFIED:shared ui key + a14/a13 implementation reads + same node family
system,A14_UI_system_statusbar_dualrows_left_ratio,Set left width for device without notches,system_statusbar_dualrows_left_ratio,,,SUBOPTION,MISSING_IN_A13,A14_NEW_FEATURE,YES,NO,HIGH,P1,E4,NO,UNKNOWN_DISCOVERY,UNKNOWN_DISCOVERY,UNKNOWN_DISCOVERY,UI+featureSpec,NO_KEY,Phase E detailed design required,Preference+installer behavioral tests,NO,No A13 UI/schema key
system_statusbar_mobilesignal,DualRowSignalFeatureId,Dual Row Signal,system_statusbar_dualsimin2rows,A13_UI_system_statusbar_dualsimin2rows,system_statusbar_dualsimin2rows,ACTIONABLE_FEATURE,PRESENT_A13_VARIANT,UPSTREAM_INTENT_EQUIVALENT,YES,YES,LOW,P2,E3,NO,UNKNOWN_DISCOVERY,SYSTEM_UI,UNKNOWN_DISCOVERY,UI+featureSpec,KEY_MATCH,Phase E detailed design required,Preference+installer behavioral tests,NO,SEMANTICALLY_VERIFIED:shared ui key + a14/a13 implementation reads + same node family
system_statusbar_mobilesignal,A14_UI_system_statusbar_dualsimin2rows_leftmargin,Left margin,system_statusbar_dualsimin2rows_leftmargin,A13_UI_system_statusbar_dualsimin2rows_leftmargin,system_statusbar_dualsimin2rows_leftmargin,SUBOPTION,PRESENT_A13_VARIANT,UPSTREAM_INTENT_EQUIVALENT,YES,YES,LOW,P2,E3,NO,UNKNOWN_DISCOVERY,UNKNOWN_DISCOVERY,UNKNOWN_DISCOVERY,UI+featureSpec,KEY_MATCH,Phase E detailed design required,Preference+installer behavioral tests,NO,SEMANTICALLY_VERIFIED:shared ui key + a14/a13 implementation reads + same node family
system_statusbar_mobilesignal,A14_UI_system_statusbar_dualsimin2rows_rightmargin,Right margin,system_statusbar_dualsimin2rows_rightmargin,A13_UI_system_statusbar_dualsimin2rows_rightmargin,system_statusbar_dualsimin2rows_rightmargin,SUBOPTION,PRESENT_A13_VARIANT,UPSTREAM_INTENT_EQUIVALENT,YES,YES,LOW,P2,E3,NO,UNKNOWN_DISCOVERY,UNKNOWN_DISCOVERY,UNKNOWN_DISCOVERY,UI+featureSpec,KEY_MATCH,Phase E detailed design required,Preference+installer behavioral tests,NO,SEMANTICALLY_VERIFIED:shared ui key + a14/a13 implementation reads + same node family
system_statusbar_mobilesignal,A14_UI_system_statusbar_dualsimin2rows_scale,Icons scaling,system_statusbar_dualsimin2rows_scale,A13_UI_system_statusbar_dualsimin2rows_scale,system_statusbar_dualsimin2rows_scale,SUBOPTION,PRESENT_A13_VARIANT,UPSTREAM_INTENT_EQUIVALENT,YES,YES,LOW,P2,E3,NO,UNKNOWN_DISCOVERY,UNKNOWN_DISCOVERY,UNKNOWN_DISCOVERY,UI+featureSpec,KEY_MATCH,Phase E detailed design required,Preference+installer behavioral tests,NO,SEMANTICALLY_VERIFIED:shared ui key + a14/a13 implementation reads + same node family
system_statusbar_mobilesignal,A14_UI_system_statusbar_dualsimin2rows_style,Icon style,system_statusbar_dualsimin2rows_style,A13_UI_system_statusbar_dualsimin2rows_style,system_statusbar_dualsimin2rows_style,SUBOPTION,PRESENT_A13_VARIANT,UPSTREAM_INTENT_EQUIVALENT,YES,YES,LOW,P2,E3,NO,UNKNOWN_DISCOVERY,UNKNOWN_DISCOVERY,UNKNOWN_DISCOVERY,UI+featureSpec,KEY_MATCH,Phase E detailed design required,Preference+installer behavioral tests,NO,SEMANTICALLY_VERIFIED:shared ui key + a14/a13 implementation reads + same node family
system_statusbar_mobilesignal,A14_UI_system_statusbar_dualsimin2rows_verticaloffset,Vertical offset,system_statusbar_dualsimin2rows_verticaloffset,A13_UI_system_statusbar_dualsimin2rows_verticaloffset,system_statusbar_dualsimin2rows_verticaloffset,SUBOPTION,PRESENT_A13_VARIANT,UPSTREAM_INTENT_EQUIVALENT,YES,YES,LOW,P2,E3,NO,UNKNOWN_DISCOVERY,UNKNOWN_DISCOVERY,UNKNOWN_DISCOVERY,UI+featureSpec,KEY_MATCH,Phase E detailed design required,Preference+installer behavioral tests,NO,SEMANTICALLY_VERIFIED:shared ui key + a14/a13 implementation reads + same node family
system_statusbar_clock,A14_UI_system_statusbar_enable_weather_param,Use tq to display weather when formatting,system_statusbar_enable_weather_param,,,ACTIONABLE_FEATURE,MISSING_IN_A13,A14_NEW_FEATURE,YES,NO,HIGH,P1,E3,NO,UNKNOWN_DISCOVERY,UNKNOWN_DISCOVERY,UNKNOWN_DISCOVERY,UI+featureSpec,NO_KEY,Phase E detailed design required,Preference+installer behavioral tests,NO,No A13 UI/schema key
system_statusbar_righticons,A14_UI_system_statusbar_gps_atleft,GPS,system_statusbar_gps_atleft,A13_UI_system_statusbar_gps_atleft,system_statusbar_gps_atleft,ACTIONABLE_FEATURE,PRESENT_A13_VARIANT,UPSTREAM_INTENT_EQUIVALENT,YES,YES,LOW,P2,E3,NO,UNKNOWN_DISCOVERY,UNKNOWN_DISCOVERY,UNKNOWN_DISCOVERY,UI+featureSpec,KEY_MATCH,Phase E detailed design required,Preference+installer behavioral tests,NO,SEMANTICALLY_VERIFIED:shared ui key + a14/a13 implementation reads + same node family
system_statusbar_righticons,A14_UI_system_statusbar_headset_atright,Headset,system_statusbar_headset_atright,A13_UI_system_statusbar_headset_atright,system_statusbar_headset_atright,ACTIONABLE_FEATURE,PRESENT_A13_VARIANT,UPSTREAM_INTENT_EQUIVALENT,YES,YES,LOW,P2,E3,NO,UNKNOWN_DISCOVERY,UNKNOWN_DISCOVERY,UNKNOWN_DISCOVERY,UI+featureSpec,KEY_MATCH,Phase E detailed design required,Preference+installer behavioral tests,NO,SEMANTICALLY_VERIFIED:shared ui key + a14/a13 implementation reads + same node family
system,HorizMarginFeatureId,Horiz Margin,system_statusbar_horizmargin,A13_UI_system_statusbar_horizmargin,system_statusbar_horizmargin,ACTIONABLE_FEATURE,PRESENT_A13_VARIANT,UPSTREAM_INTENT_EQUIVALENT,YES,YES,LOW,P2,E4,NO,UNKNOWN_DISCOVERY,SYSTEM_UI,UNKNOWN_DISCOVERY,UI+featureSpec,KEY_MATCH,Phase E detailed design required,Preference+installer behavioral tests,NO,SEMANTICALLY_VERIFIED:shared ui key + a14/a13 implementation reads + same node family
system,A14_UI_system_statusbar_horizmargin_left,Left margin,system_statusbar_horizmargin_left,A13_UI_system_statusbar_horizmargin_left,system_statusbar_horizmargin_left,SUBOPTION,PRESENT_A13_VARIANT,UPSTREAM_INTENT_EQUIVALENT,YES,YES,LOW,P2,E4,NO,UNKNOWN_DISCOVERY,UNKNOWN_DISCOVERY,UNKNOWN_DISCOVERY,UI+featureSpec,KEY_MATCH,Phase E detailed design required,Preference+installer behavioral tests,NO,SEMANTICALLY_VERIFIED:shared ui key + a14/a13 implementation reads + same node family
system,A14_UI_system_statusbar_horizmargin_right,Right margin,system_statusbar_horizmargin_right,A13_UI_system_statusbar_horizmargin_right,system_statusbar_horizmargin_right,SUBOPTION,PRESENT_A13_VARIANT,UPSTREAM_INTENT_EQUIVALENT,YES,YES,LOW,P2,E4,NO,UNKNOWN_DISCOVERY,UNKNOWN_DISCOVERY,UNKNOWN_DISCOVERY,UI+featureSpec,KEY_MATCH,Phase E detailed design required,Preference+installer behavioral tests,NO,SEMANTICALLY_VERIFIED:shared ui key + a14/a13 implementation reads + same node family
system_statusbar_righticons,A14_UI_system_statusbar_icons_atleft_onkeyguard,Move to the left on the lock screen,system_statusbar_icons_atleft_onkeyguard,,,ACTIONABLE_FEATURE,MISSING_IN_A13,A14_NEW_FEATURE,YES,NO,HIGH,P1,E3,NO,UNKNOWN_DISCOVERY,UNKNOWN_DISCOVERY,UNKNOWN_DISCOVERY,UI+featureSpec,NO_KEY,Phase E detailed design required,Preference+installer behavioral tests,NO,No A13 UI/schema key
system,A14_UI_system_statusbar_iconsize,Status bar icon size,system_statusbar_iconsize,A13_UI_system_statusbar_iconsize,system_statusbar_iconsize,SUBOPTION,PRESENT_A13_VARIANT,UPSTREAM_INTENT_EQUIVALENT,YES,YES,LOW,P2,E4,NO,UNKNOWN_DISCOVERY,UNKNOWN_DISCOVERY,UNKNOWN_DISCOVERY,UI+featureSpec,KEY_MATCH,Phase E detailed design required,Preference+installer behavioral tests,NO,SEMANTICALLY_VERIFIED:shared ui key + a14/a13 implementation reads + same node family
system_statusbar_mobilesignal,StatusBarDigitalSignalFeatureId,Status Bar Digital Signal,system_statusbar_mobile_digital_signal,,,ACTIONABLE_FEATURE,MISSING_IN_A13,A14_NEW_FEATURE,YES,NO,HIGH,P1,E3,NO,UNKNOWN_DISCOVERY,SYSTEM_UI,UNKNOWN_DISCOVERY,UI+featureSpec,NO_KEY,Phase E detailed design required,Preference+installer behavioral tests,NO,No A13 UI/schema key
system_statusbar_mobilesignal,A14_UI_system_statusbar_mobile_digital_signal_align,Horizontal alignment,system_statusbar_mobile_digital_signal_align,,,SUBOPTION,MISSING_IN_A13,A14_NEW_FEATURE,YES,NO,HIGH,P1,E3,NO,UNKNOWN_DISCOVERY,UNKNOWN_DISCOVERY,UNKNOWN_DISCOVERY,UI+featureSpec,NO_KEY,Phase E detailed design required,Preference+installer behavioral tests,NO,No A13 UI/schema key
system_statusbar_mobilesignal,A14_UI_system_statusbar_mobile_digital_signal_bold,Bold style,system_statusbar_mobile_digital_signal_bold,,,ACTIONABLE_FEATURE,MISSING_IN_A13,A14_NEW_FEATURE,YES,NO,HIGH,P1,E3,NO,UNKNOWN_DISCOVERY,UNKNOWN_DISCOVERY,UNKNOWN_DISCOVERY,UI+featureSpec,NO_KEY,Phase E detailed design required,Preference+installer behavioral tests,NO,No A13 UI/schema key
system_statusbar_mobilesignal,A14_UI_system_statusbar_mobile_digital_signal_fontsize,Font size,system_statusbar_mobile_digital_signal_fontsize,,,SUBOPTION,MISSING_IN_A13,A14_NEW_FEATURE,YES,NO,HIGH,P1,E3,NO,UNKNOWN_DISCOVERY,UNKNOWN_DISCOVERY,UNKNOWN_DISCOVERY,UI+featureSpec,NO_KEY,Phase E detailed design required,Preference+installer behavioral tests,NO,No A13 UI/schema key
system_statusbar_mobilesignal,A14_UI_system_statusbar_mobile_digital_signal_hideunit,Hide unit,system_statusbar_mobile_digital_signal_hideunit,,,ACTIONABLE_FEATURE,MISSING_IN_A13,A14_NEW_FEATURE,YES,NO,HIGH,P1,E3,NO,UNKNOWN_DISCOVERY,UNKNOWN_DISCOVERY,UNKNOWN_DISCOVERY,UI+featureSpec,NO_KEY,Phase E detailed design required,Preference+installer behavioral tests,NO,No A13 UI/schema key
system_statusbar_mobilesignal,A14_UI_system_statusbar_mobile_digital_signal_in2rows,Display as dual rows when phone has dual SIM cards,system_statusbar_mobile_digital_signal_in2rows,,,ACTIONABLE_FEATURE,MISSING_IN_A13,A14_NEW_FEATURE,YES,NO,HIGH,P1,E3,NO,UNKNOWN_DISCOVERY,UNKNOWN_DISCOVERY,UNKNOWN_DISCOVERY,UI+featureSpec,NO_KEY,Phase E detailed design required,Preference+installer behavioral tests,NO,No A13 UI/schema key
system_statusbar_mobilesignal,A14_UI_system_statusbar_mobile_digital_signal_leftmargin,Left margin,system_statusbar_mobile_digital_signal_leftmargin,,,SUBOPTION,MISSING_IN_A13,A14_NEW_FEATURE,YES,NO,HIGH,P1,E3,NO,UNKNOWN_DISCOVERY,UNKNOWN_DISCOVERY,UNKNOWN_DISCOVERY,UI+featureSpec,NO_KEY,Phase E detailed design required,Preference+installer behavioral tests,NO,No A13 UI/schema key
system_statusbar_mobilesignal,A14_UI_system_statusbar_mobile_digital_signal_rightmargin,Right margin,system_statusbar_mobile_digital_signal_rightmargin,,,SUBOPTION,MISSING_IN_A13,A14_NEW_FEATURE,YES,NO,HIGH,P1,E3,NO,UNKNOWN_DISCOVERY,UNKNOWN_DISCOVERY,UNKNOWN_DISCOVERY,UI+featureSpec,NO_KEY,Phase E detailed design required,Preference+installer behavioral tests,NO,No A13 UI/schema key
system_statusbar_mobilesignal,A14_UI_system_statusbar_mobile_digital_signal_verticaloffset,Vertical offset,system_statusbar_mobile_digital_signal_verticaloffset,,,SUBOPTION,MISSING_IN_A13,A14_NEW_FEATURE,YES,NO,HIGH,P1,E3,NO,UNKNOWN_DISCOVERY,UNKNOWN_DISCOVERY,UNKNOWN_DISCOVERY,UI+featureSpec,NO_KEY,Phase E detailed design required,Preference+installer behavioral tests,NO,No A13 UI/schema key
system_statusbar_mobilesignal,A14_UI_system_statusbar_mobile_showname,Custom mobile network type,system_statusbar_mobile_showname,A13_UI_system_statusbar_mobile_showname,system_statusbar_mobile_showname,ACTIONABLE_FEATURE,PRESENT_A13_VARIANT,UPSTREAM_INTENT_EQUIVALENT,YES,YES,LOW,P2,E3,NO,UNKNOWN_DISCOVERY,UNKNOWN_DISCOVERY,UNKNOWN_DISCOVERY,UI+featureSpec,KEY_MATCH,Phase E detailed design required,Preference+installer behavioral tests,NO,SEMANTICALLY_VERIFIED:shared ui key + a14/a13 implementation reads + same node family
system_statusbar_mobilesignal,A14_UI_system_statusbar_mobiletype_show_wificonnected,Show when Wi-Fi is connected,system_statusbar_mobiletype_show_wificonnected,A13_UI_system_statusbar_mobiletype_show_wificonnected,system_statusbar_mobiletype_show_wificonnected,ACTIONABLE_FEATURE,PRESENT_A13_VARIANT,UPSTREAM_INTENT_EQUIVALENT,YES,YES,LOW,P2,E3,NO,UNKNOWN_DISCOVERY,UNKNOWN_DISCOVERY,UNKNOWN_DISCOVERY,UI+featureSpec,KEY_MATCH,Phase E detailed design required,Preference+installer behavioral tests,NO,SEMANTICALLY_VERIFIED:shared ui key + a14/a13 implementation reads + same node family
system_statusbar_mobilesignal,MobileTypeSingleFeatureId,Mobile Type Single,system_statusbar_mobiletype_single,A13_UI_system_statusbar_mobiletype_single,system_statusbar_mobiletype_single,ACTIONABLE_FEATURE,PRESENT_A13_VARIANT,UPSTREAM_INTENT_EQUIVALENT,YES,YES,LOW,P2,E3,NO,UNKNOWN_DISCOVERY,SYSTEM_UI,UNKNOWN_DISCOVERY,UI+featureSpec,KEY_MATCH,Phase E detailed design required,Preference+installer behavioral tests,NO,SEMANTICALLY_VERIFIED:shared ui key + a14/a13 implementation reads + same node family
system_statusbar_mobilesignal,A14_UI_system_statusbar_mobiletype_single_atleft,Display at left of signal,system_statusbar_mobiletype_single_atleft,A13_UI_system_statusbar_mobiletype_single_atleft,system_statusbar_mobiletype_single_atleft,ACTIONABLE_FEATURE,PRESENT_A13_VARIANT,UPSTREAM_INTENT_EQUIVALENT,YES,YES,LOW,P2,E3,NO,UNKNOWN_DISCOVERY,UNKNOWN_DISCOVERY,UNKNOWN_DISCOVERY,UI+featureSpec,KEY_MATCH,Phase E detailed design required,Preference+installer behavioral tests,NO,SEMANTICALLY_VERIFIED:shared ui key + a14/a13 implementation reads + same node family
system_statusbar_mobilesignal,A14_UI_system_statusbar_mobiletype_single_bold,Bold style,system_statusbar_mobiletype_single_bold,A13_UI_system_statusbar_mobiletype_single_bold,system_statusbar_mobiletype_single_bold,ACTIONABLE_FEATURE,PRESENT_A13_VARIANT,UPSTREAM_INTENT_EQUIVALENT,YES,YES,LOW,P2,E3,NO,UNKNOWN_DISCOVERY,UNKNOWN_DISCOVERY,UNKNOWN_DISCOVERY,UI+featureSpec,KEY_MATCH,Phase E detailed design required,Preference+installer behavioral tests,NO,SEMANTICALLY_VERIFIED:shared ui key + a14/a13 implementation reads + same node family
system_statusbar_mobilesignal,A14_UI_system_statusbar_mobiletype_single_fontsize,Font size,system_statusbar_mobiletype_single_fontsize,A13_UI_system_statusbar_mobiletype_single_fontsize,system_statusbar_mobiletype_single_fontsize,SUBOPTION,PRESENT_A13_VARIANT,UPSTREAM_INTENT_EQUIVALENT,YES,YES,LOW,P2,E3,NO,UNKNOWN_DISCOVERY,UNKNOWN_DISCOVERY,UNKNOWN_DISCOVERY,UI+featureSpec,KEY_MATCH,Phase E detailed design required,Preference+installer behavioral tests,NO,SEMANTICALLY_VERIFIED:shared ui key + a14/a13 implementation reads + same node family
system_statusbar_mobilesignal,A14_UI_system_statusbar_mobiletype_single_leftmargin,Left margin,system_statusbar_mobiletype_single_leftmargin,A13_UI_system_statusbar_mobiletype_single_leftmargin,system_statusbar_mobiletype_single_leftmargin,SUBOPTION,PRESENT_A13_VARIANT,UPSTREAM_INTENT_EQUIVALENT,YES,YES,LOW,P2,E3,NO,UNKNOWN_DISCOVERY,UNKNOWN_DISCOVERY,UNKNOWN_DISCOVERY,UI+featureSpec,KEY_MATCH,Phase E detailed design required,Preference+installer behavioral tests,NO,SEMANTICALLY_VERIFIED:shared ui key + a14/a13 implementation reads + same node family
system_statusbar_mobilesignal,A14_UI_system_statusbar_mobiletype_single_rightmargin,Right margin,system_statusbar_mobiletype_single_rightmargin,A13_UI_system_statusbar_mobiletype_single_rightmargin,system_statusbar_mobiletype_single_rightmargin,SUBOPTION,PRESENT_A13_VARIANT,UPSTREAM_INTENT_EQUIVALENT,YES,YES,LOW,P2,E3,NO,UNKNOWN_DISCOVERY,UNKNOWN_DISCOVERY,UNKNOWN_DISCOVERY,UI+featureSpec,KEY_MATCH,Phase E detailed design required,Preference+installer behavioral tests,NO,SEMANTICALLY_VERIFIED:shared ui key + a14/a13 implementation reads + same node family
system_statusbar_mobilesignal,A14_UI_system_statusbar_mobiletype_single_verticaloffset,Vertical offset,system_statusbar_mobiletype_single_verticaloffset,A13_UI_system_statusbar_mobiletype_single_verticaloffset,system_statusbar_mobiletype_single_verticaloffset,SUBOPTION,PRESENT_A13_VARIANT,UPSTREAM_INTENT_EQUIVALENT,YES,YES,LOW,P2,E3,NO,UNKNOWN_DISCOVERY,UNKNOWN_DISCOVERY,UNKNOWN_DISCOVERY,UI+featureSpec,KEY_MATCH,Phase E detailed design required,Preference+installer behavioral tests,NO,SEMANTICALLY_VERIFIED:shared ui key + a14/a13 implementation reads + same node family
system_statusbar_righticons,A14_UI_system_statusbar_netspeed_atleft,Network speed indicator,system_statusbar_netspeed_atleft,A13_UI_system_statusbar_netspeed_atleft,system_statusbar_netspeed_atleft,ACTIONABLE_FEATURE,PRESENT_A13_VARIANT,UPSTREAM_INTENT_EQUIVALENT,YES,YES,LOW,P2,E3,NO,UNKNOWN_DISCOVERY,UNKNOWN_DISCOVERY,UNKNOWN_DISCOVERY,UI+featureSpec,KEY_MATCH,Phase E detailed design required,Preference+installer behavioral tests,NO,SEMANTICALLY_VERIFIED:shared ui key + a14/a13 implementation reads + same node family
system_statusbar_righticons,A14_UI_system_statusbar_netspeed_atsecondrow,Network speed indicator,system_statusbar_netspeed_atsecondrow,A13_UI_system_statusbar_netspeed_atsecondrow,system_statusbar_netspeed_atsecondrow,ACTIONABLE_FEATURE,PRESENT_A13_VARIANT,UPSTREAM_INTENT_EQUIVALENT,YES,YES,LOW,P2,E3,NO,UNKNOWN_DISCOVERY,UNKNOWN_DISCOVERY,UNKNOWN_DISCOVERY,UI+featureSpec,KEY_MATCH,Phase E detailed design required,Preference+installer behavioral tests,NO,SEMANTICALLY_VERIFIED:shared ui key + a14/a13 implementation reads + same node family
system_statusbar_righticons,A14_UI_system_statusbar_nfc_atright,NFC,system_statusbar_nfc_atright,A13_UI_system_statusbar_nfc_atright,system_statusbar_nfc_atright,ACTIONABLE_FEATURE,PRESENT_A13_VARIANT,UPSTREAM_INTENT_EQUIVALENT,YES,YES,LOW,P2,E3,NO,UNKNOWN_DISCOVERY,UNKNOWN_DISCOVERY,UNKNOWN_DISCOVERY,UI+featureSpec,KEY_MATCH,Phase E detailed design required,Preference+installer behavioral tests,NO,SEMANTICALLY_VERIFIED:shared ui key + a14/a13 implementation reads + same node family
system_statusbar_showdevicetemperature,A14_UI_system_statusbar_showdevicetemperature,Enable mod,system_statusbar_showdevicetemperature,A13_UI_system_statusbar_showdevicetemperature,system_statusbar_showdevicetemperature,ACTIONABLE_FEATURE,PRESENT_A13_VARIANT,UPSTREAM_INTENT_EQUIVALENT,YES,YES,LOW,P2,E3,NO,UNKNOWN_DISCOVERY,UNKNOWN_DISCOVERY,UNKNOWN_DISCOVERY,UI+featureSpec,KEY_MATCH,Phase E detailed design required,Preference+installer behavioral tests,NO,SEMANTICALLY_VERIFIED:shared ui key + a14/a13 implementation reads + same node family
system_statusbar_showdevicetemperature,A14_UI_system_statusbar_showdevicetemperature_align,Horizontal alignment,system_statusbar_showdevicetemperature_align,A13_UI_system_statusbar_showdevicetemperature_align,system_statusbar_showdevicetemperature_align,SUBOPTION,INSUFFICIENT_EVIDENCE,INSUFFICIENT_EVIDENCE,YES,NO,MEDIUM,P1,E3,NO,UNKNOWN_DISCOVERY,UNKNOWN_DISCOVERY,UNKNOWN_DISCOVERY,UI+featureSpec,KEY_MATCH,Phase E detailed design required,Preference+installer behavioral tests,NO,MECHANICAL_DISCOVERY:key match only
system_statusbar_showdevicetemperature,A14_UI_system_statusbar_showdevicetemperature_atright,Display on the right,system_statusbar_showdevicetemperature_atright,A13_UI_system_statusbar_showdevicetemperature_atright,system_statusbar_showdevicetemperature_atright,ACTIONABLE_FEATURE,PRESENT_A13_VARIANT,UPSTREAM_INTENT_EQUIVALENT,YES,YES,LOW,P2,E3,NO,UNKNOWN_DISCOVERY,UNKNOWN_DISCOVERY,UNKNOWN_DISCOVERY,UI+featureSpec,KEY_MATCH,Phase E detailed design required,Preference+installer behavioral tests,NO,SEMANTICALLY_VERIFIED:shared ui key + a14/a13 implementation reads + same node family
system_statusbar_showdevicetemperature,A14_UI_system_statusbar_showdevicetemperature_bold,Bold style,system_statusbar_showdevicetemperature_bold,A13_UI_system_statusbar_showdevicetemperature_bold,system_statusbar_showdevicetemperature_bold,ACTIONABLE_FEATURE,INSUFFICIENT_EVIDENCE,INSUFFICIENT_EVIDENCE,YES,NO,MEDIUM,P1,E3,NO,UNKNOWN_DISCOVERY,UNKNOWN_DISCOVERY,UNKNOWN_DISCOVERY,UI+featureSpec,KEY_MATCH,Phase E detailed design required,Preference+installer behavioral tests,NO,MECHANICAL_DISCOVERY:key match only
system_statusbar_showdevicetemperature,A14_UI_system_statusbar_showdevicetemperature_content,Display Content,system_statusbar_showdevicetemperature_content,A13_UI_system_statusbar_showdevicetemperature_content,system_statusbar_showdevicetemperature_content,SUBOPTION,PRESENT_A13_VARIANT,UPSTREAM_INTENT_EQUIVALENT,YES,YES,LOW,P2,E3,NO,UNKNOWN_DISCOVERY,UNKNOWN_DISCOVERY,UNKNOWN_DISCOVERY,UI+featureSpec,KEY_MATCH,Phase E detailed design required,Preference+installer behavioral tests,NO,SEMANTICALLY_VERIFIED:shared ui key + a14/a13 implementation reads + same node family
system_statusbar_showdevicetemperature,A14_UI_system_statusbar_showdevicetemperature_fixedcontent_width,Fix content width to prevent horizontal jitter,system_statusbar_showdevicetemperature_fixedcontent_width,A13_UI_system_statusbar_showdevicetemperature_fixedcontent_width,system_statusbar_showdevicetemperature_fixedcontent_width,SUBOPTION,INSUFFICIENT_EVIDENCE,INSUFFICIENT_EVIDENCE,YES,NO,MEDIUM,P1,E3,NO,UNKNOWN_DISCOVERY,UNKNOWN_DISCOVERY,UNKNOWN_DISCOVERY,UI+featureSpec,KEY_MATCH,Phase E detailed design required,Preference+installer behavioral tests,NO,MECHANICAL_DISCOVERY:key match only
system_statusbar_showdevicetemperature,A14_UI_system_statusbar_showdevicetemperature_fontsize,Font size,system_statusbar_showdevicetemperature_fontsize,A13_UI_system_statusbar_showdevicetemperature_fontsize,system_statusbar_showdevicetemperature_fontsize,SUBOPTION,INSUFFICIENT_EVIDENCE,INSUFFICIENT_EVIDENCE,YES,NO,MEDIUM,P1,E3,NO,UNKNOWN_DISCOVERY,UNKNOWN_DISCOVERY,UNKNOWN_DISCOVERY,UI+featureSpec,KEY_MATCH,Phase E detailed design required,Preference+installer behavioral tests,NO,MECHANICAL_DISCOVERY:key match only
system_statusbar_showdevicetemperature,A14_UI_system_statusbar_showdevicetemperature_hideunit,Hide unit,system_statusbar_showdevicetemperature_hideunit,A13_UI_system_statusbar_showdevicetemperature_hideunit,system_statusbar_showdevicetemperature_hideunit,ACTIONABLE_FEATURE,PRESENT_A13_VARIANT,UPSTREAM_INTENT_EQUIVALENT,YES,YES,LOW,P2,E3,NO,UNKNOWN_DISCOVERY,UNKNOWN_DISCOVERY,UNKNOWN_DISCOVERY,UI+featureSpec,KEY_MATCH,Phase E detailed design required,Preference+installer behavioral tests,NO,SEMANTICALLY_VERIFIED:shared ui key + a14/a13 implementation reads + same node family
system_statusbar_showdevicetemperature,A14_UI_system_statusbar_showdevicetemperature_leftmargin,Left margin,system_statusbar_showdevicetemperature_leftmargin,A13_UI_system_statusbar_showdevicetemperature_leftmargin,system_statusbar_showdevicetemperature_leftmargin,SUBOPTION,INSUFFICIENT_EVIDENCE,INSUFFICIENT_EVIDENCE,YES,NO,MEDIUM,P1,E3,NO,UNKNOWN_DISCOVERY,UNKNOWN_DISCOVERY,UNKNOWN_DISCOVERY,UI+featureSpec,KEY_MATCH,Phase E detailed design required,Preference+installer behavioral tests,NO,MECHANICAL_DISCOVERY:key match only
system_statusbar_showdevicetemperature,A14_UI_system_statusbar_showdevicetemperature_reverseorder,Reverse order,system_statusbar_showdevicetemperature_reverseorder,A13_UI_system_statusbar_showdevicetemperature_reverseorder,system_statusbar_showdevicetemperature_reverseorder,ACTIONABLE_FEATURE,PRESENT_A13_VARIANT,UPSTREAM_INTENT_EQUIVALENT,YES,YES,LOW,P2,E3,NO,UNKNOWN_DISCOVERY,UNKNOWN_DISCOVERY,UNKNOWN_DISCOVERY,UI+featureSpec,KEY_MATCH,Phase E detailed design required,Preference+installer behavioral tests,NO,SEMANTICALLY_VERIFIED:shared ui key + a14/a13 implementation reads + same node family
system_statusbar_showdevicetemperature,A14_UI_system_statusbar_showdevicetemperature_rightmargin,Right margin,system_statusbar_showdevicetemperature_rightmargin,A13_UI_system_statusbar_showdevicetemperature_rightmargin,system_statusbar_showdevicetemperature_rightmargin,SUBOPTION,INSUFFICIENT_EVIDENCE,INSUFFICIENT_EVIDENCE,YES,NO,MEDIUM,P1,E3,NO,UNKNOWN_DISCOVERY,UNKNOWN_DISCOVERY,UNKNOWN_DISCOVERY,UI+featureSpec,KEY_MATCH,Phase E detailed design required,Preference+installer behavioral tests,NO,MECHANICAL_DISCOVERY:key match only
system_statusbar_showdevicetemperature,A14_UI_system_statusbar_showdevicetemperature_singlerow,Display in single row,system_statusbar_showdevicetemperature_singlerow,A13_UI_system_statusbar_showdevicetemperature_singlerow,system_statusbar_showdevicetemperature_singlerow,ACTIONABLE_FEATURE,PRESENT_A13_VARIANT,UPSTREAM_INTENT_EQUIVALENT,YES,YES,LOW,P2,E3,NO,UNKNOWN_DISCOVERY,UNKNOWN_DISCOVERY,UNKNOWN_DISCOVERY,UI+featureSpec,KEY_MATCH,Phase E detailed design required,Preference+installer behavioral tests,NO,SEMANTICALLY_VERIFIED:shared ui key + a14/a13 implementation reads + same node family
system_statusbar_showdevicetemperature,A14_UI_system_statusbar_showdevicetemperature_verticaloffset,Vertical offset,system_statusbar_showdevicetemperature_verticaloffset,A13_UI_system_statusbar_showdevicetemperature_verticaloffset,system_statusbar_showdevicetemperature_verticaloffset,SUBOPTION,INSUFFICIENT_EVIDENCE,INSUFFICIENT_EVIDENCE,YES,NO,MEDIUM,P1,E3,NO,UNKNOWN_DISCOVERY,UNKNOWN_DISCOVERY,UNKNOWN_DISCOVERY,UI+featureSpec,KEY_MATCH,Phase E detailed design required,Preference+installer behavioral tests,NO,MECHANICAL_DISCOVERY:key match only
system_statusbar_righticons,A14_UI_system_statusbar_sound_atleft,Sound profiles,system_statusbar_sound_atleft,A13_UI_system_statusbar_sound_atleft,system_statusbar_sound_atleft,ACTIONABLE_FEATURE,PRESENT_A13_VARIANT,UPSTREAM_INTENT_EQUIVALENT,YES,YES,LOW,P2,E3,NO,UNKNOWN_DISCOVERY,UNKNOWN_DISCOVERY,UNKNOWN_DISCOVERY,UI+featureSpec,KEY_MATCH,Phase E detailed design required,Preference+installer behavioral tests,NO,SEMANTICALLY_VERIFIED:shared ui key + a14/a13 implementation reads + same node family
system,LockScreenTopMarginFeatureId,Lock Screen Top Margin,system_statusbar_topmargin,A13_UI_system_statusbar_topmargin,system_statusbar_topmargin,ACTIONABLE_FEATURE,PRESENT_A13_VARIANT,UPSTREAM_INTENT_EQUIVALENT,YES,YES,LOW,P2,E4,NO,UNKNOWN_DISCOVERY,SYSTEM_UI,UNKNOWN_DISCOVERY,UI+featureSpec,KEY_MATCH,Phase E detailed design required,Preference+installer behavioral tests,NO,SEMANTICALLY_VERIFIED:shared ui key + a14/a13 implementation reads + same node family
system,A14_UI_system_statusbar_topmargin_unset_lockscreen,Unset statusbar in Keyguard,system_statusbar_topmargin_unset_lockscreen,A13_UI_system_statusbar_topmargin_unset_lockscreen,system_statusbar_topmargin_unset_lockscreen,ACTIONABLE_FEATURE,PRESENT_A13_VARIANT,UPSTREAM_INTENT_EQUIVALENT,YES,YES,LOW,P2,E4,NO,UNKNOWN_DISCOVERY,UNKNOWN_DISCOVERY,UNKNOWN_DISCOVERY,UI+featureSpec,KEY_MATCH,Phase E detailed design required,Preference+installer behavioral tests,NO,SEMANTICALLY_VERIFIED:shared ui key + a14/a13 implementation reads + same node family
system,A14_UI_system_statusbar_topmargin_val,Top padding,system_statusbar_topmargin_val,A13_UI_system_statusbar_topmargin_val,system_statusbar_topmargin_val,SUBOPTION,PRESENT_A13_VARIANT,UPSTREAM_INTENT_EQUIVALENT,YES,YES,LOW,P2,E4,NO,UNKNOWN_DISCOVERY,UNKNOWN_DISCOVERY,UNKNOWN_DISCOVERY,UI+featureSpec,KEY_MATCH,Phase E detailed design required,Preference+installer behavioral tests,NO,SEMANTICALLY_VERIFIED:shared ui key + a14/a13 implementation reads + same node family
system_statusbar_righticons,A14_UI_system_statusbar_vpn_atright,VPN,system_statusbar_vpn_atright,A13_UI_system_statusbar_vpn_atright,system_statusbar_vpn_atright,ACTIONABLE_FEATURE,PRESENT_A13_VARIANT,UPSTREAM_INTENT_EQUIVALENT,YES,YES,LOW,P2,E3,NO,UNKNOWN_DISCOVERY,UNKNOWN_DISCOVERY,UNKNOWN_DISCOVERY,UI+featureSpec,KEY_MATCH,Phase E detailed design required,Preference+installer behavioral tests,NO,SEMANTICALLY_VERIFIED:shared ui key + a14/a13 implementation reads + same node family
system,A14_UI_system_statusbarcolor,Status bar background color,system_statusbarcolor,A13_UI_system_statusbarcolor,system_statusbarcolor,ACTIONABLE_FEATURE,PRESENT_A13_VARIANT,UPSTREAM_INTENT_EQUIVALENT,YES,YES,LOW,P2,E4,NO,UNKNOWN_DISCOVERY,UNKNOWN_DISCOVERY,UNKNOWN_DISCOVERY,UI+featureSpec,KEY_MATCH,Phase E detailed design required,Preference+installer behavioral tests,NO,SEMANTICALLY_VERIFIED:shared ui key + a14/a13 implementation reads + same node family
system_statusbarcontrols,StatusBarGesturesFeatureId,Status Bar Gestures,system_statusbarcontrols,A13_UI_system_statusbarcontrols,system_statusbarcontrols,ACTIONABLE_FEATURE,PRESENT_A13_VARIANT,UPSTREAM_INTENT_EQUIVALENT,YES,YES,LOW,P2,E3,NO,UNKNOWN_DISCOVERY,SYSTEM_UI,UNKNOWN_DISCOVERY,UI+featureSpec,KEY_MATCH,Phase E detailed design required,Preference+installer behavioral tests,NO,SEMANTICALLY_VERIFIED:shared ui key + a14/a13 implementation reads + same node family
system_statusbarcontrols,A14_UI_system_statusbarcontrols_dt,Double tap action,system_statusbarcontrols_dt,A13_UI_system_statusbarcontrols_dt,system_statusbarcontrols_dt,ACTIONABLE_FEATURE,INSUFFICIENT_EVIDENCE,INSUFFICIENT_EVIDENCE,YES,NO,MEDIUM,P1,E3,NO,UNKNOWN_DISCOVERY,UNKNOWN_DISCOVERY,UNKNOWN_DISCOVERY,UI+featureSpec,KEY_MATCH,Phase E detailed design required,Preference+installer behavioral tests,NO,MECHANICAL_DISCOVERY:key match only
system_statusbarcontrols,A14_UI_system_statusbarcontrols_dt_left,Double tap left corner action,system_statusbarcontrols_dt_left,,,ACTIONABLE_FEATURE,MISSING_IN_A13,A14_NEW_FEATURE,YES,NO,HIGH,P1,E3,NO,UNKNOWN_DISCOVERY,UNKNOWN_DISCOVERY,UNKNOWN_DISCOVERY,UI+featureSpec,NO_KEY,Phase E detailed design required,Preference+installer behavioral tests,NO,No A13 UI/schema key
system_statusbarcontrols,A14_UI_system_statusbarcontrols_dt_right,Double tap right corner action,system_statusbarcontrols_dt_right,,,ACTIONABLE_FEATURE,MISSING_IN_A13,A14_NEW_FEATURE,YES,NO,HIGH,P1,E3,NO,UNKNOWN_DISCOVERY,UNKNOWN_DISCOVERY,UNKNOWN_DISCOVERY,UI+featureSpec,NO_KEY,Phase E detailed design required,Preference+installer behavioral tests,NO,No A13 UI/schema key
system_statusbarcontrols,A14_UI_system_statusbarcontrols_dual,Horizontal slide with two fingers,system_statusbarcontrols_dual,A13_UI_system_statusbarcontrols_dual,system_statusbarcontrols_dual,SUBOPTION,INSUFFICIENT_EVIDENCE,INSUFFICIENT_EVIDENCE,YES,NO,MEDIUM,P1,E3,NO,UNKNOWN_DISCOVERY,UNKNOWN_DISCOVERY,UNKNOWN_DISCOVERY,UI+featureSpec,KEY_MATCH,Phase E detailed design required,Preference+installer behavioral tests,NO,MECHANICAL_DISCOVERY:key match only
system_statusbarcontrols,A14_UI_system_statusbarcontrols_longpress,Long press action,system_statusbarcontrols_longpress,A13_UI_system_statusbarcontrols_longpress,system_statusbarcontrols_longpress,ACTIONABLE_FEATURE,INSUFFICIENT_EVIDENCE,INSUFFICIENT_EVIDENCE,YES,NO,MEDIUM,P1,E3,NO,UNKNOWN_DISCOVERY,UNKNOWN_DISCOVERY,UNKNOWN_DISCOVERY,UI+featureSpec,KEY_MATCH,Phase E detailed design required,Preference+installer behavioral tests,NO,MECHANICAL_DISCOVERY:key match only
system_statusbarcontrols,A14_UI_system_statusbarcontrols_longpress_vibrate,Long press vibration,system_statusbarcontrols_longpress_vibrate,A13_UI_system_statusbarcontrols_longpress_vibrate,system_statusbarcontrols_longpress_vibrate,ACTIONABLE_FEATURE,INSUFFICIENT_EVIDENCE,INSUFFICIENT_EVIDENCE,YES,NO,MEDIUM,P1,E3,NO,UNKNOWN_DISCOVERY,UNKNOWN_DISCOVERY,UNKNOWN_DISCOVERY,UI+featureSpec,KEY_MATCH,Phase E detailed design required,Preference+installer behavioral tests,NO,MECHANICAL_DISCOVERY:key match only
system_statusbarcontrols,A14_UI_system_statusbarcontrols_sens_bright,Brightness,system_statusbarcontrols_sens_bright,A13_UI_system_statusbarcontrols_sens_bright,system_statusbarcontrols_sens_bright,SUBOPTION,INSUFFICIENT_EVIDENCE,INSUFFICIENT_EVIDENCE,YES,NO,MEDIUM,P1,E3,NO,UNKNOWN_DISCOVERY,UNKNOWN_DISCOVERY,UNKNOWN_DISCOVERY,UI+featureSpec,KEY_MATCH,Phase E detailed design required,Preference+installer behavioral tests,NO,MECHANICAL_DISCOVERY:key match only
system_statusbarcontrols,A14_UI_system_statusbarcontrols_sens_vol,Volume,system_statusbarcontrols_sens_vol,A13_UI_system_statusbarcontrols_sens_vol,system_statusbarcontrols_sens_vol,SUBOPTION,INSUFFICIENT_EVIDENCE,INSUFFICIENT_EVIDENCE,YES,NO,MEDIUM,P1,E3,NO,UNKNOWN_DISCOVERY,UNKNOWN_DISCOVERY,UNKNOWN_DISCOVERY,UI+featureSpec,KEY_MATCH,Phase E detailed design required,Preference+installer behavioral tests,NO,MECHANICAL_DISCOVERY:key match only
system_statusbarcontrols,A14_UI_system_statusbarcontrols_single,Horizontal slide with one finger,system_statusbarcontrols_single,A13_UI_system_statusbarcontrols_single,system_statusbarcontrols_single,SUBOPTION,INSUFFICIENT_EVIDENCE,INSUFFICIENT_EVIDENCE,YES,NO,MEDIUM,P1,E3,NO,UNKNOWN_DISCOVERY,UNKNOWN_DISCOVERY,UNKNOWN_DISCOVERY,UI+featureSpec,KEY_MATCH,Phase E detailed design required,Preference+installer behavioral tests,NO,MECHANICAL_DISCOVERY:key match only
system,StatusBarHeightInsetsFeatureId,Status Bar Height Insets,system_statusbarheight,A13_UI_system_statusbarheight,system_statusbarheight,SUBOPTION,PRESENT_A13_VARIANT,UPSTREAM_INTENT_EQUIVALENT,YES,YES,LOW,P2,E4,NO,UNKNOWN_DISCOVERY,SYSTEM_SERVER,UNKNOWN_DISCOVERY,UI+featureSpec,KEY_MATCH,Phase E detailed design required,Preference+installer behavioral tests,NO,SEMANTICALLY_VERIFIED:shared ui key + a14/a13 implementation reads + same node family
system_hideicons,A14_UI_system_statusbaricons_airplane,Airplane mode,system_statusbaricons_airplane,A13_UI_system_statusbaricons_airplane,system_statusbaricons_airplane,ACTIONABLE_FEATURE,PRESENT_A13_VARIANT,UPSTREAM_INTENT_EQUIVALENT,YES,YES,LOW,P2,E4,NO,UNKNOWN_DISCOVERY,UNKNOWN_DISCOVERY,UNKNOWN_DISCOVERY,UI+featureSpec,KEY_MATCH,Phase E detailed design required,Preference+installer behavioral tests,NO,SEMANTICALLY_VERIFIED:shared ui key + a14/a13 implementation reads + same node family
system_hideicons,HideIconsSelectiveAlarmFeatureId,Hide Icons Selective Alarm,system_statusbaricons_alarm,A13_UI_system_statusbaricons_alarm,system_statusbaricons_alarm,ACTIONABLE_FEATURE,PRESENT_A13_VARIANT,UPSTREAM_INTENT_EQUIVALENT,YES,YES,LOW,P2,E4,NO,UNKNOWN_DISCOVERY,SYSTEM_UI,UNKNOWN_DISCOVERY,UI+featureSpec,KEY_MATCH,Phase E detailed design required,Preference+installer behavioral tests,NO,SEMANTICALLY_VERIFIED:shared ui key + a14/a13 implementation reads + same node family
system_hideicons,A14_UI_system_statusbaricons_alarmn,Selective alarm icon visibility,system_statusbaricons_alarmn,A13_UI_system_statusbaricons_alarmn,system_statusbaricons_alarmn,SUBOPTION,PRESENT_A13_VARIANT,UPSTREAM_INTENT_EQUIVALENT,YES,YES,LOW,P2,E4,NO,UNKNOWN_DISCOVERY,UNKNOWN_DISCOVERY,UNKNOWN_DISCOVERY,UI+featureSpec,KEY_MATCH,Phase E detailed design required,Preference+installer behavioral tests,NO,SEMANTICALLY_VERIFIED:shared ui key + a14/a13 implementation reads + same node family
system_hideicons,HideIconsBattery1FeatureId,Hide Icons Battery1,system_statusbaricons_battery1,A13_UI_system_statusbaricons_battery1,system_statusbaricons_battery1,ACTIONABLE_FEATURE,PRESENT_A13_VARIANT,UPSTREAM_INTENT_EQUIVALENT,YES,YES,LOW,P2,E4,NO,UNKNOWN_DISCOVERY,SYSTEM_UI,UNKNOWN_DISCOVERY,UI+featureSpec,KEY_MATCH,Phase E detailed design required,Preference+installer behavioral tests,NO,SEMANTICALLY_VERIFIED:shared ui key + a14/a13 implementation reads + same node family
system_hideicons,A14_UI_system_statusbaricons_battery2,Battery percentage hides in statusbar but appears in control center,system_statusbaricons_battery2,A13_UI_system_statusbaricons_battery2,system_statusbaricons_battery2,ACTIONABLE_FEATURE,PRESENT_A13_VARIANT,UPSTREAM_INTENT_EQUIVALENT,YES,YES,LOW,P2,E4,NO,UNKNOWN_DISCOVERY,UNKNOWN_DISCOVERY,UNKNOWN_DISCOVERY,UI+featureSpec,KEY_MATCH,Phase E detailed design required,Preference+installer behavioral tests,NO,SEMANTICALLY_VERIFIED:shared ui key + a14/a13 implementation reads + same node family
system_hideicons,HideIconsBattery2FeatureId,Hide Icons Battery2,system_statusbaricons_battery3,A13_UI_system_statusbaricons_battery3,system_statusbaricons_battery3,ACTIONABLE_FEATURE,PRESENT_A13_VARIANT,UPSTREAM_INTENT_EQUIVALENT,YES,YES,LOW,P2,E4,NO,UNKNOWN_DISCOVERY,SYSTEM_UI,UNKNOWN_DISCOVERY,UI+featureSpec,KEY_MATCH,Phase E detailed design required,Preference+installer behavioral tests,NO,SEMANTICALLY_VERIFIED:shared ui key + a14/a13 implementation reads + same node family
system_hideicons,A14_UI_system_statusbaricons_battery4,Battery percentage mark,system_statusbaricons_battery4,A13_UI_system_statusbaricons_battery4,system_statusbaricons_battery4,ACTIONABLE_FEATURE,PRESENT_A13_VARIANT,UPSTREAM_INTENT_EQUIVALENT,YES,YES,LOW,P2,E4,NO,UNKNOWN_DISCOVERY,UNKNOWN_DISCOVERY,UNKNOWN_DISCOVERY,UI+featureSpec,KEY_MATCH,Phase E detailed design required,Preference+installer behavioral tests,NO,SEMANTICALLY_VERIFIED:shared ui key + a14/a13 implementation reads + same node family
system_hideicons,A14_UI_system_statusbaricons_ble_unlock,Unlock with Bluetooth device,system_statusbaricons_ble_unlock,A13_UI_system_statusbaricons_ble_unlock,system_statusbaricons_ble_unlock,ACTIONABLE_FEATURE,PRESENT_A13_VARIANT,UPSTREAM_INTENT_EQUIVALENT,YES,YES,LOW,P2,E4,NO,UNKNOWN_DISCOVERY,UNKNOWN_DISCOVERY,UNKNOWN_DISCOVERY,UI+featureSpec,KEY_MATCH,Phase E detailed design required,Preference+installer behavioral tests,NO,SEMANTICALLY_VERIFIED:shared ui key + a14/a13 implementation reads + same node family
system_hideicons,A14_UI_system_statusbaricons_bluetoothicn,Bluetooth,system_statusbaricons_bluetoothicn,,,ACTIONABLE_FEATURE,MISSING_IN_A13,A14_NEW_FEATURE,YES,NO,HIGH,P1,E4,NO,UNKNOWN_DISCOVERY,UNKNOWN_DISCOVERY,UNKNOWN_DISCOVERY,UI+featureSpec,NO_KEY,Phase E detailed design required,Preference+installer behavioral tests,NO,No A13 UI/schema key
system_hideicons,A14_UI_system_statusbaricons_btbattery,Bluetooth battery,system_statusbaricons_btbattery,A13_UI_system_statusbaricons_btbattery,system_statusbaricons_btbattery,ACTIONABLE_FEATURE,PRESENT_A13_VARIANT,UPSTREAM_INTENT_EQUIVALENT,YES,YES,LOW,P2,E4,NO,UNKNOWN_DISCOVERY,UNKNOWN_DISCOVERY,UNKNOWN_DISCOVERY,UI+featureSpec,KEY_MATCH,Phase E detailed design required,Preference+installer behavioral tests,NO,SEMANTICALLY_VERIFIED:shared ui key + a14/a13 implementation reads + same node family
system_hideicons,A14_UI_system_statusbaricons_clock,Clock,system_statusbaricons_clock,A13_UI_system_statusbaricons_clock,system_statusbaricons_clock,ACTIONABLE_FEATURE,PRESENT_A13_VARIANT,UPSTREAM_INTENT_EQUIVALENT,YES,YES,LOW,P2,E4,NO,UNKNOWN_DISCOVERY,UNKNOWN_DISCOVERY,UNKNOWN_DISCOVERY,UI+featureSpec,KEY_MATCH,Phase E detailed design required,Preference+installer behavioral tests,NO,SEMANTICALLY_VERIFIED:shared ui key + a14/a13 implementation reads + same node family
system_hideicons,A14_UI_system_statusbaricons_dnd,Do not disturb mode,system_statusbaricons_dnd,A13_UI_system_statusbaricons_dnd,system_statusbaricons_dnd,ACTIONABLE_FEATURE,PRESENT_A13_VARIANT,UPSTREAM_INTENT_EQUIVALENT,YES,YES,LOW,P2,E4,NO,UNKNOWN_DISCOVERY,UNKNOWN_DISCOVERY,UNKNOWN_DISCOVERY,UI+featureSpec,KEY_MATCH,Phase E detailed design required,Preference+installer behavioral tests,NO,SEMANTICALLY_VERIFIED:shared ui key + a14/a13 implementation reads + same node family
system_hideicons,A14_UI_system_statusbaricons_dualwifi,Dual Wi-Fi,system_statusbaricons_dualwifi,A13_UI_system_statusbaricons_dualwifi,system_statusbaricons_dualwifi,ACTIONABLE_FEATURE,PRESENT_A13_VARIANT,UPSTREAM_INTENT_EQUIVALENT,YES,YES,LOW,P2,E4,NO,UNKNOWN_DISCOVERY,UNKNOWN_DISCOVERY,UNKNOWN_DISCOVERY,UI+featureSpec,KEY_MATCH,Phase E detailed design required,Preference+installer behavioral tests,NO,SEMANTICALLY_VERIFIED:shared ui key + a14/a13 implementation reads + same node family
system_hideicons,A14_UI_system_statusbaricons_gps,GPS,system_statusbaricons_gps,A13_UI_system_statusbaricons_gps,system_statusbaricons_gps,ACTIONABLE_FEATURE,PRESENT_A13_VARIANT,UPSTREAM_INTENT_EQUIVALENT,YES,YES,LOW,P2,E4,NO,UNKNOWN_DISCOVERY,UNKNOWN_DISCOVERY,UNKNOWN_DISCOVERY,UI+featureSpec,KEY_MATCH,Phase E detailed design required,Preference+installer behavioral tests,NO,SEMANTICALLY_VERIFIED:shared ui key + a14/a13 implementation reads + same node family
system_hideicons,A14_UI_system_statusbaricons_headset,Headset,system_statusbaricons_headset,A13_UI_system_statusbaricons_headset,system_statusbaricons_headset,ACTIONABLE_FEATURE,PRESENT_A13_VARIANT,UPSTREAM_INTENT_EQUIVALENT,YES,YES,LOW,P2,E4,NO,UNKNOWN_DISCOVERY,UNKNOWN_DISCOVERY,UNKNOWN_DISCOVERY,UI+featureSpec,KEY_MATCH,Phase E detailed design required,Preference+installer behavioral tests,NO,SEMANTICALLY_VERIFIED:shared ui key + a14/a13 implementation reads + same node family
system_hideicons,A14_UI_system_statusbaricons_hotspot,Hotspot,system_statusbaricons_hotspot,A13_UI_system_statusbaricons_hotspot,system_statusbaricons_hotspot,ACTIONABLE_FEATURE,PRESENT_A13_VARIANT,UPSTREAM_INTENT_EQUIVALENT,YES,YES,LOW,P2,E4,NO,UNKNOWN_DISCOVERY,UNKNOWN_DISCOVERY,UNKNOWN_DISCOVERY,UI+featureSpec,KEY_MATCH,Phase E detailed design required,Preference+installer behavioral tests,NO,SEMANTICALLY_VERIFIED:shared ui key + a14/a13 implementation reads + same node family
system_hideicons,A14_UI_system_statusbaricons_mute,Call: muted mic,system_statusbaricons_mute,A13_UI_system_statusbaricons_mute,system_statusbaricons_mute,ACTIONABLE_FEATURE,PRESENT_A13_VARIANT,UPSTREAM_INTENT_EQUIVALENT,YES,YES,LOW,P2,E4,NO,UNKNOWN_DISCOVERY,UNKNOWN_DISCOVERY,UNKNOWN_DISCOVERY,UI+featureSpec,KEY_MATCH,Phase E detailed design required,Preference+installer behavioral tests,NO,SEMANTICALLY_VERIFIED:shared ui key + a14/a13 implementation reads + same node family
system_hideicons,A14_UI_system_statusbaricons_nfc,NFC,system_statusbaricons_nfc,A13_UI_system_statusbaricons_nfc,system_statusbaricons_nfc,ACTIONABLE_FEATURE,PRESENT_A13_VARIANT,UPSTREAM_INTENT_EQUIVALENT,YES,YES,LOW,P2,E4,NO,UNKNOWN_DISCOVERY,UNKNOWN_DISCOVERY,UNKNOWN_DISCOVERY,UI+featureSpec,KEY_MATCH,Phase E detailed design required,Preference+installer behavioral tests,NO,SEMANTICALLY_VERIFIED:shared ui key + a14/a13 implementation reads + same node family
system_hideicons,A14_UI_system_statusbaricons_nosims,No SIM card,system_statusbaricons_nosims,A13_UI_system_statusbaricons_nosims,system_statusbaricons_nosims,ACTIONABLE_FEATURE,PRESENT_A13_VARIANT,UPSTREAM_INTENT_EQUIVALENT,YES,YES,LOW,P2,E4,NO,UNKNOWN_DISCOVERY,UNKNOWN_DISCOVERY,UNKNOWN_DISCOVERY,UI+featureSpec,KEY_MATCH,Phase E detailed design required,Preference+installer behavioral tests,NO,SEMANTICALLY_VERIFIED:shared ui key + a14/a13 implementation reads + same node family
system_hideicons,HideIconsFromSystemManagerFeatureId,Hide Icons From System Manager,system_statusbaricons_privacy,A13_UI_system_statusbaricons_privacy,system_statusbaricons_privacy,ACTIONABLE_FEATURE,PRESENT_A13_VARIANT,UPSTREAM_INTENT_EQUIVALENT,YES,YES,LOW,P2,E4,NO,UNKNOWN_DISCOVERY,SYSTEM_UI,UNKNOWN_DISCOVERY,UI+featureSpec,KEY_MATCH,Phase E detailed design required,Preference+installer behavioral tests,NO,SEMANTICALLY_VERIFIED:shared ui key + a14/a13 implementation reads + same node family
system_hideicons,HidePrivacyIndicatorFeatureId,Hide Privacy Indicator,system_statusbaricons_privacy_prompt,,,ACTIONABLE_FEATURE,MISSING_IN_A13,A14_NEW_FEATURE,YES,NO,HIGH,P1,E4,NO,UNKNOWN_DISCOVERY,SYSTEM_UI,UNKNOWN_DISCOVERY,UI+featureSpec,NO_KEY,Phase E detailed design required,Preference+installer behavioral tests,NO,No A13 UI/schema key
system_hideicons,A14_UI_system_statusbaricons_profile,Work profile,system_statusbaricons_profile,A13_UI_system_statusbaricons_profile,system_statusbaricons_profile,ACTIONABLE_FEATURE,PRESENT_A13_VARIANT,UPSTREAM_INTENT_EQUIVALENT,YES,YES,LOW,P2,E4,NO,UNKNOWN_DISCOVERY,UNKNOWN_DISCOVERY,UNKNOWN_DISCOVERY,UI+featureSpec,KEY_MATCH,Phase E detailed design required,Preference+installer behavioral tests,NO,SEMANTICALLY_VERIFIED:shared ui key + a14/a13 implementation reads + same node family
system_hideicons,A14_UI_system_statusbaricons_record,Call: recording,system_statusbaricons_record,A13_UI_system_statusbaricons_record,system_statusbaricons_record,ACTIONABLE_FEATURE,PRESENT_A13_VARIANT,UPSTREAM_INTENT_EQUIVALENT,YES,YES,LOW,P2,E4,NO,UNKNOWN_DISCOVERY,UNKNOWN_DISCOVERY,UNKNOWN_DISCOVERY,UI+featureSpec,KEY_MATCH,Phase E detailed design required,Preference+installer behavioral tests,NO,SEMANTICALLY_VERIFIED:shared ui key + a14/a13 implementation reads + same node family
system_hideicons,A14_UI_system_statusbaricons_roaming,Roaming,system_statusbaricons_roaming,A13_UI_system_statusbaricons_roaming,system_statusbaricons_roaming,ACTIONABLE_FEATURE,PRESENT_A13_VARIANT,UPSTREAM_INTENT_EQUIVALENT,YES,YES,LOW,P2,E4,NO,UNKNOWN_DISCOVERY,UNKNOWN_DISCOVERY,UNKNOWN_DISCOVERY,UI+featureSpec,KEY_MATCH,Phase E detailed design required,Preference+installer behavioral tests,NO,SEMANTICALLY_VERIFIED:shared ui key + a14/a13 implementation reads + same node family
system_hideicons,A14_UI_system_statusbaricons_secondspace,Second space,system_statusbaricons_secondspace,A13_UI_system_statusbaricons_secondspace,system_statusbaricons_secondspace,ACTIONABLE_FEATURE,PRESENT_A13_VARIANT,UPSTREAM_INTENT_EQUIVALENT,YES,YES,LOW,P2,E4,NO,UNKNOWN_DISCOVERY,UNKNOWN_DISCOVERY,UNKNOWN_DISCOVERY,UI+featureSpec,KEY_MATCH,Phase E detailed design required,Preference+installer behavioral tests,NO,SEMANTICALLY_VERIFIED:shared ui key + a14/a13 implementation reads + same node family
system_hideicons,HideIconsSignalFeatureId,Hide Icons Signal,system_statusbaricons_signal,A13_UI_system_statusbaricons_signal,system_statusbaricons_signal,ACTIONABLE_FEATURE,PRESENT_A13_VARIANT,UPSTREAM_INTENT_EQUIVALENT,YES,YES,LOW,P2,E4,NO,UNKNOWN_DISCOVERY,SYSTEM_UI,UNKNOWN_DISCOVERY,UI+featureSpec,KEY_MATCH,Phase E detailed design required,Preference+installer behavioral tests,NO,SEMANTICALLY_VERIFIED:shared ui key + a14/a13 implementation reads + same node family
system_hideicons,A14_UI_system_statusbaricons_signal_wificonnected,Only when connected to Wi-Fi,system_statusbaricons_signal_wificonnected,A13_UI_system_statusbaricons_signal_wificonnected,system_statusbaricons_signal_wificonnected,ACTIONABLE_FEATURE,PRESENT_A13_VARIANT,UPSTREAM_INTENT_EQUIVALENT,YES,YES,LOW,P2,E4,NO,UNKNOWN_DISCOVERY,UNKNOWN_DISCOVERY,UNKNOWN_DISCOVERY,UI+featureSpec,KEY_MATCH,Phase E detailed design required,Preference+installer behavioral tests,NO,SEMANTICALLY_VERIFIED:shared ui key + a14/a13 implementation reads + same node family
system_hideicons,A14_UI_system_statusbaricons_sim1,SIM 1,system_statusbaricons_sim1,A13_UI_system_statusbaricons_sim1,system_statusbaricons_sim1,ACTIONABLE_FEATURE,PRESENT_A13_VARIANT,UPSTREAM_INTENT_EQUIVALENT,YES,YES,LOW,P2,E4,NO,UNKNOWN_DISCOVERY,UNKNOWN_DISCOVERY,UNKNOWN_DISCOVERY,UI+featureSpec,KEY_MATCH,Phase E detailed design required,Preference+installer behavioral tests,NO,SEMANTICALLY_VERIFIED:shared ui key + a14/a13 implementation reads + same node family
system_hideicons,A14_UI_system_statusbaricons_sim2,SIM 2,system_statusbaricons_sim2,A13_UI_system_statusbaricons_sim2,system_statusbaricons_sim2,ACTIONABLE_FEATURE,PRESENT_A13_VARIANT,UPSTREAM_INTENT_EQUIVALENT,YES,YES,LOW,P2,E4,NO,UNKNOWN_DISCOVERY,UNKNOWN_DISCOVERY,UNKNOWN_DISCOVERY,UI+featureSpec,KEY_MATCH,Phase E detailed design required,Preference+installer behavioral tests,NO,SEMANTICALLY_VERIFIED:shared ui key + a14/a13 implementation reads + same node family
system_hideicons,A14_UI_system_statusbaricons_sim_nodata,None Data SIM card,system_statusbaricons_sim_nodata,A13_UI_system_statusbaricons_sim_nodata,system_statusbaricons_sim_nodata,ACTIONABLE_FEATURE,PRESENT_A13_VARIANT,UPSTREAM_INTENT_EQUIVALENT,YES,YES,LOW,P2,E4,NO,UNKNOWN_DISCOVERY,UNKNOWN_DISCOVERY,UNKNOWN_DISCOVERY,UI+featureSpec,KEY_MATCH,Phase E detailed design required,Preference+installer behavioral tests,NO,SEMANTICALLY_VERIFIED:shared ui key + a14/a13 implementation reads + same node family
system_hideicons,A14_UI_system_statusbaricons_sound,Sound profiles,system_statusbaricons_sound,A13_UI_system_statusbaricons_sound,system_statusbaricons_sound,ACTIONABLE_FEATURE,PRESENT_A13_VARIANT,UPSTREAM_INTENT_EQUIVALENT,YES,YES,LOW,P2,E4,NO,UNKNOWN_DISCOVERY,UNKNOWN_DISCOVERY,UNKNOWN_DISCOVERY,UI+featureSpec,KEY_MATCH,Phase E detailed design required,Preference+installer behavioral tests,NO,SEMANTICALLY_VERIFIED:shared ui key + a14/a13 implementation reads + same node family
system_hideicons,A14_UI_system_statusbaricons_speaker,Call: speakerphone,system_statusbaricons_speaker,A13_UI_system_statusbaricons_speaker,system_statusbaricons_speaker,ACTIONABLE_FEATURE,PRESENT_A13_VARIANT,UPSTREAM_INTENT_EQUIVALENT,YES,YES,LOW,P2,E4,NO,UNKNOWN_DISCOVERY,UNKNOWN_DISCOVERY,UNKNOWN_DISCOVERY,UI+featureSpec,KEY_MATCH,Phase E detailed design required,Preference+installer behavioral tests,NO,SEMANTICALLY_VERIFIED:shared ui key + a14/a13 implementation reads + same node family
system_statusbar_batterystyle,A14_UI_system_statusbaricons_swap_batteryicon_percentage,Swap icon and percentage of battery,system_statusbaricons_swap_batteryicon_percentage,A13_UI_system_statusbaricons_swap_batteryicon_percentage,system_statusbaricons_swap_batteryicon_percentage,ACTIONABLE_FEATURE,INSUFFICIENT_EVIDENCE,INSUFFICIENT_EVIDENCE,YES,NO,MEDIUM,P1,E3,NO,UNKNOWN_DISCOVERY,UNKNOWN_DISCOVERY,UNKNOWN_DISCOVERY,UI+featureSpec,KEY_MATCH,Phase E detailed design required,Preference+installer behavioral tests,NO,MECHANICAL_DISCOVERY:key match only
system_statusbar_righticons,A14_UI_system_statusbaricons_swap_wifi_mobile,Swap Mobile Signal and Wi-Fi,system_statusbaricons_swap_wifi_mobile,A13_UI_system_statusbaricons_swap_wifi_mobile,system_statusbaricons_swap_wifi_mobile,ACTIONABLE_FEATURE,PRESENT_A13_VARIANT,UPSTREAM_INTENT_EQUIVALENT,YES,YES,LOW,P2,E3,NO,UNKNOWN_DISCOVERY,UNKNOWN_DISCOVERY,UNKNOWN_DISCOVERY,UI+featureSpec,KEY_MATCH,Phase E detailed design required,Preference+installer behavioral tests,NO,SEMANTICALLY_VERIFIED:shared ui key + a14/a13 implementation reads + same node family
system_hideicons,A14_UI_system_statusbaricons_volte,VoLTE,system_statusbaricons_volte,A13_UI_system_statusbaricons_volte,system_statusbaricons_volte,ACTIONABLE_FEATURE,PRESENT_A13_VARIANT,UPSTREAM_INTENT_EQUIVALENT,YES,YES,LOW,P2,E4,NO,UNKNOWN_DISCOVERY,UNKNOWN_DISCOVERY,UNKNOWN_DISCOVERY,UI+featureSpec,KEY_MATCH,Phase E detailed design required,Preference+installer behavioral tests,NO,SEMANTICALLY_VERIFIED:shared ui key + a14/a13 implementation reads + same node family
system_hideicons,HideIconsVoWiFiFeatureId,Hide Icons VoWiFi,system_statusbaricons_vowifi,A13_UI_system_statusbaricons_vowifi,system_statusbaricons_vowifi,ACTIONABLE_FEATURE,PRESENT_A13_VARIANT,UPSTREAM_INTENT_EQUIVALENT,YES,YES,LOW,P2,E4,NO,UNKNOWN_DISCOVERY,SYSTEM_UI,UNKNOWN_DISCOVERY,UI+featureSpec,KEY_MATCH,Phase E detailed design required,Preference+installer behavioral tests,NO,SEMANTICALLY_VERIFIED:shared ui key + a14/a13 implementation reads + same node family
system_hideicons,A14_UI_system_statusbaricons_vpn,VPN,system_statusbaricons_vpn,A13_UI_system_statusbaricons_vpn,system_statusbaricons_vpn,ACTIONABLE_FEATURE,PRESENT_A13_VARIANT,UPSTREAM_INTENT_EQUIVALENT,YES,YES,LOW,P2,E4,NO,UNKNOWN_DISCOVERY,UNKNOWN_DISCOVERY,UNKNOWN_DISCOVERY,UI+featureSpec,KEY_MATCH,Phase E detailed design required,Preference+installer behavioral tests,NO,SEMANTICALLY_VERIFIED:shared ui key + a14/a13 implementation reads + same node family
system_hideicons,HideIconsFeatureId,Hide Icons,system_statusbaricons_wifi,A13_UI_system_statusbaricons_wifi,system_statusbaricons_wifi,ACTIONABLE_FEATURE,PRESENT_A13_VARIANT,UPSTREAM_INTENT_EQUIVALENT,YES,YES,LOW,P2,E4,NO,UNKNOWN_DISCOVERY,SYSTEM_UI,UNKNOWN_DISCOVERY,UI+featureSpec,KEY_MATCH,Phase E detailed design required,Preference+installer behavioral tests,NO,SEMANTICALLY_VERIFIED:shared ui key + a14/a13 implementation reads + same node family
system_statusbar_righticons,A14_UI_system_statusbaricons_wifi_mobile_atleft,Move mobile and Wi-Fi to the left,system_statusbaricons_wifi_mobile_atleft,A13_UI_system_statusbaricons_wifi_mobile_atleft,system_statusbaricons_wifi_mobile_atleft,ACTIONABLE_FEATURE,PRESENT_A13_VARIANT,UPSTREAM_INTENT_EQUIVALENT,YES,YES,LOW,P2,E3,NO,UNKNOWN_DISCOVERY,UNKNOWN_DISCOVERY,UNKNOWN_DISCOVERY,UI+featureSpec,KEY_MATCH,Phase E detailed design required,Preference+installer behavioral tests,NO,SEMANTICALLY_VERIFIED:shared ui key + a14/a13 implementation reads + same node family
system,DisplayWifiStandardFeatureId,Display WiFi Standard,system_statusbaricons_wifistandard,A13_UI_system_statusbaricons_wifistandard,system_statusbaricons_wifistandard,SUBOPTION,PRESENT_A13_VARIANT,UPSTREAM_INTENT_EQUIVALENT,YES,YES,LOW,P2,E4,NO,UNKNOWN_DISCOVERY,SYSTEM_UI,UNKNOWN_DISCOVERY,UI+featureSpec,KEY_MATCH,Phase E detailed design required,Preference+installer behavioral tests,NO,SEMANTICALLY_VERIFIED:shared ui key + a14/a13 implementation reads + same node family
system_hideicons,A14_UI_system_statusbaricons_wireless_headset,Wireless headset,system_statusbaricons_wireless_headset,,,ACTIONABLE_FEATURE,MISSING_IN_A13,A14_NEW_FEATURE,YES,NO,HIGH,P1,E4,NO,UNKNOWN_DISCOVERY,UNKNOWN_DISCOVERY,UNKNOWN_DISCOVERY,UI+featureSpec,NO_KEY,Phase E detailed design required,Preference+installer behavioral tests,NO,No A13 UI/schema key
system,A14_UI_system_strong_toast_island_offset,Dynamic Island vertical position,system_strong_toast_island_offset,,,SUBOPTION,MISSING_IN_A13,A14_NEW_FEATURE,YES,NO,HIGH,P1,E4,NO,UNKNOWN_DISCOVERY,UNKNOWN_DISCOVERY,UNKNOWN_DISCOVERY,UI+featureSpec,NO_KEY,Phase E detailed design required,Preference+installer behavioral tests,NO,No A13 UI/schema key
system,StrongToastPresentationFeatureId,Strong Toast Presentation,system_strong_toast_mode,,,SUBOPTION,MISSING_IN_A13,A14_NEW_FEATURE,YES,NO,HIGH,P1,E4,NO,UNKNOWN_DISCOVERY,SYSTEM_UI,UNKNOWN_DISCOVERY,UI+featureSpec,NO_KEY,Phase E detailed design required,Preference+installer behavioral tests,NO,No A13 UI/schema key
system,TapToUnlockFeatureId,Tap To Unlock,system_taptounlock,A13_UI_system_taptounlock,system_taptounlock,ACTIONABLE_FEATURE,PRESENT_A13_VARIANT,UPSTREAM_INTENT_EQUIVALENT,YES,YES,LOW,P2,E4,NO,UNKNOWN_DISCOVERY,SYSTEM_UI,UNKNOWN_DISCOVERY,UI+featureSpec,KEY_MATCH,Phase E detailed design required,Preference+installer behavioral tests,NO,SEMANTICALLY_VERIFIED:shared ui key + a14/a13 implementation reads + same node family
system,ToastTimeFeatureId,Toast Time,system_toasttime,A13_UI_system_toasttime,system_toasttime,SUBOPTION,PRESENT_A13_VARIANT,UPSTREAM_INTENT_EQUIVALENT,YES,YES,LOW,P2,E4,NO,UNKNOWN_DISCOVERY,SYSTEM_SERVER,UNKNOWN_DISCOVERY,UI+featureSpec,KEY_MATCH,Phase E detailed design required,Preference+installer behavioral tests,NO,SEMANTICALLY_VERIFIED:shared ui key + a14/a13 implementation reads + same node family
system,UsbDefaultFunctionFeatureId,USB Default Function,system_usb_default_function,,,SUBOPTION,MISSING_IN_A13,A14_NEW_FEATURE,YES,NO,HIGH,P1,E5,NO,UNKNOWN_DISCOVERY,SYSTEM_SERVER,UNKNOWN_DISCOVERY,UI+featureSpec,NO_KEY,Phase E detailed design required,Preference+installer behavioral tests,NO,No A13 UI/schema key
system,SelectiveVibrationFeatureId,Selective Vibration,system_vibration,A13_UI_system_vibration,system_vibration,SUBOPTION,PRESENT_A13_VARIANT,UPSTREAM_INTENT_EQUIVALENT,YES,YES,LOW,P2,E4,NO,UNKNOWN_DISCOVERY,SYSTEM_SERVER,UNKNOWN_DISCOVERY,UI+featureSpec,KEY_MATCH,Phase E detailed design required,Preference+installer behavioral tests,NO,SEMANTICALLY_VERIFIED:shared ui key + a14/a13 implementation reads + same node family
system_vibration_amp,MuffledVibrationFeatureId,Muffled Vibration,system_vibration_amp,A13_UI_system_vibration_amp,system_vibration_amp,ACTIONABLE_FEATURE,PRESENT_A13_VARIANT,UPSTREAM_INTENT_EQUIVALENT,YES,YES,LOW,P2,E4,NO,UNKNOWN_DISCOVERY,SYSTEM_SERVER,UNKNOWN_DISCOVERY,UI+featureSpec,KEY_MATCH,Phase E detailed design required,Preference+installer behavioral tests,NO,SEMANTICALLY_VERIFIED:shared ui key + a14/a13 implementation reads + same node family
system_vibration_amp,A14_UI_system_vibration_amp_notif,Notifications,system_vibration_amp_notif,A13_UI_system_vibration_amp_notif,system_vibration_amp_notif,SUBOPTION,PRESENT_A13_VARIANT,UPSTREAM_INTENT_EQUIVALENT,YES,YES,LOW,P2,E4,NO,UNKNOWN_DISCOVERY,UNKNOWN_DISCOVERY,UNKNOWN_DISCOVERY,UI+featureSpec,KEY_MATCH,Phase E detailed design required,Preference+installer behavioral tests,NO,SEMANTICALLY_VERIFIED:shared ui key + a14/a13 implementation reads + same node family
system_vibration_amp,A14_UI_system_vibration_amp_other,Everything else,system_vibration_amp_other,A13_UI_system_vibration_amp_other,system_vibration_amp_other,SUBOPTION,PRESENT_A13_VARIANT,UPSTREAM_INTENT_EQUIVALENT,YES,YES,LOW,P2,E4,NO,UNKNOWN_DISCOVERY,UNKNOWN_DISCOVERY,UNKNOWN_DISCOVERY,UI+featureSpec,KEY_MATCH,Phase E detailed design required,Preference+installer behavioral tests,NO,SEMANTICALLY_VERIFIED:shared ui key + a14/a13 implementation reads + same node family
system_vibration_amp,A14_UI_system_vibration_amp_period_end,End,system_vibration_amp_period_end,A13_UI_system_vibration_amp_period_end,system_vibration_amp_period_end,ACTIONABLE_FEATURE,INSUFFICIENT_EVIDENCE,INSUFFICIENT_EVIDENCE,YES,NO,MEDIUM,P1,E4,NO,UNKNOWN_DISCOVERY,UNKNOWN_DISCOVERY,UNKNOWN_DISCOVERY,UI+featureSpec,KEY_MATCH,Phase E detailed design required,Preference+installer behavioral tests,NO,MECHANICAL_DISCOVERY:key match only
system_vibration_amp,A14_UI_system_vibration_amp_period_start,Start,system_vibration_amp_period_start,A13_UI_system_vibration_amp_period_start,system_vibration_amp_period_start,ACTIONABLE_FEATURE,INSUFFICIENT_EVIDENCE,INSUFFICIENT_EVIDENCE,YES,NO,MEDIUM,P1,E4,NO,UNKNOWN_DISCOVERY,UNKNOWN_DISCOVERY,UNKNOWN_DISCOVERY,UI+featureSpec,KEY_MATCH,Phase E detailed design required,Preference+installer behavioral tests,NO,MECHANICAL_DISCOVERY:key match only
system_vibration_amp,A14_UI_system_vibration_amp_ringer,Calls,system_vibration_amp_ringer,A13_UI_system_vibration_amp_ringer,system_vibration_amp_ringer,SUBOPTION,PRESENT_A13_VARIANT,UPSTREAM_INTENT_EQUIVALENT,YES,YES,LOW,P2,E4,NO,UNKNOWN_DISCOVERY,UNKNOWN_DISCOVERY,UNKNOWN_DISCOVERY,UI+featureSpec,KEY_MATCH,Phase E detailed design required,Preference+installer behavioral tests,NO,SEMANTICALLY_VERIFIED:shared ui key + a14/a13 implementation reads + same node family
system_visualizer,AudioVisualizerFeatureId,Audio Visualizer,system_visualizer,A13_UI_system_visualizer,system_visualizer,ACTIONABLE_FEATURE,PRESENT_A13_VARIANT,UPSTREAM_INTENT_EQUIVALENT,YES,YES,LOW,P2,E4,NO,UNKNOWN_DISCOVERY,SYSTEM_UI,UNKNOWN_DISCOVERY,UI+featureSpec,KEY_MATCH,Phase E detailed design required,Preference+installer behavioral tests,NO,SEMANTICALLY_VERIFIED:shared ui key + a14/a13 implementation reads + same node family
system_visualizer,A14_UI_system_visualizer_animdur,Animation duration,system_visualizer_animdur,A13_UI_system_visualizer_animdur,system_visualizer_animdur,SUBOPTION,PRESENT_A13_VARIANT,UPSTREAM_INTENT_EQUIVALENT,YES,YES,LOW,P2,E4,NO,UNKNOWN_DISCOVERY,UNKNOWN_DISCOVERY,UNKNOWN_DISCOVERY,UI+featureSpec,KEY_MATCH,Phase E detailed design required,Preference+installer behavioral tests,NO,SEMANTICALLY_VERIFIED:shared ui key + a14/a13 implementation reads + same node family
system_visualizer,A14_UI_system_visualizer_color,Color,system_visualizer_color,A13_UI_system_visualizer_color,system_visualizer_color,SUBOPTION,PRESENT_A13_VARIANT,UPSTREAM_INTENT_EQUIVALENT,YES,YES,LOW,P2,E4,NO,UNKNOWN_DISCOVERY,UNKNOWN_DISCOVERY,UNKNOWN_DISCOVERY,UI+featureSpec,KEY_MATCH,Phase E detailed design required,Preference+installer behavioral tests,NO,SEMANTICALLY_VERIFIED:shared ui key + a14/a13 implementation reads + same node family
system_visualizer,A14_UI_system_visualizer_colorval,Select custom color,system_visualizer_colorval,A13_UI_system_visualizer_colorval,system_visualizer_colorval,ACTIONABLE_FEATURE,PRESENT_A13_VARIANT,UPSTREAM_INTENT_EQUIVALENT,YES,YES,LOW,P2,E4,NO,UNKNOWN_DISCOVERY,UNKNOWN_DISCOVERY,UNKNOWN_DISCOVERY,UI+featureSpec,KEY_MATCH,Phase E detailed design required,Preference+installer behavioral tests,NO,SEMANTICALLY_VERIFIED:shared ui key + a14/a13 implementation reads + same node family
system_visualizer,A14_UI_system_visualizer_controller,Show only if media controller exists,system_visualizer_controller,A13_UI_system_visualizer_controller,system_visualizer_controller,ACTIONABLE_FEATURE,PRESENT_A13_VARIANT,UPSTREAM_INTENT_EQUIVALENT,YES,YES,LOW,P2,E4,NO,UNKNOWN_DISCOVERY,UNKNOWN_DISCOVERY,UNKNOWN_DISCOVERY,UI+featureSpec,KEY_MATCH,Phase E detailed design required,Preference+installer behavioral tests,NO,SEMANTICALLY_VERIFIED:shared ui key + a14/a13 implementation reads + same node family
system_visualizer,A14_UI_system_visualizer_custom,Show on custom lock screen,system_visualizer_custom,A13_UI_system_visualizer_custom,system_visualizer_custom,ACTIONABLE_FEATURE,PRESENT_A13_VARIANT,UPSTREAM_INTENT_EQUIVALENT,YES,YES,LOW,P2,E4,NO,UNKNOWN_DISCOVERY,UNKNOWN_DISCOVERY,UNKNOWN_DISCOVERY,UI+featureSpec,KEY_MATCH,Phase E detailed design required,Preference+installer behavioral tests,NO,SEMANTICALLY_VERIFIED:shared ui key + a14/a13 implementation reads + same node family
system_visualizer,A14_UI_system_visualizer_drawer,Show in notification drawer,system_visualizer_drawer,A13_UI_system_visualizer_drawer,system_visualizer_drawer,ACTIONABLE_FEATURE,PRESENT_A13_VARIANT,UPSTREAM_INTENT_EQUIVALENT,YES,YES,LOW,P2,E4,NO,UNKNOWN_DISCOVERY,UNKNOWN_DISCOVERY,UNKNOWN_DISCOVERY,UI+featureSpec,KEY_MATCH,Phase E detailed design required,Preference+installer behavioral tests,NO,SEMANTICALLY_VERIFIED:shared ui key + a14/a13 implementation reads + same node family
system_visualizer,A14_UI_system_visualizer_dyntime,Dynamic color change interval,system_visualizer_dyntime,A13_UI_system_visualizer_dyntime,system_visualizer_dyntime,SUBOPTION,PRESENT_A13_VARIANT,UPSTREAM_INTENT_EQUIVALENT,YES,YES,LOW,P2,E4,NO,UNKNOWN_DISCOVERY,UNKNOWN_DISCOVERY,UNKNOWN_DISCOVERY,UI+featureSpec,KEY_MATCH,Phase E detailed design required,Preference+installer behavioral tests,NO,SEMANTICALLY_VERIFIED:shared ui key + a14/a13 implementation reads + same node family
system_visualizer,A14_UI_system_visualizer_glowlevel,Glow,system_visualizer_glowlevel,A13_UI_system_visualizer_glowlevel,system_visualizer_glowlevel,SUBOPTION,PRESENT_A13_VARIANT,UPSTREAM_INTENT_EQUIVALENT,YES,YES,LOW,P2,E4,NO,UNKNOWN_DISCOVERY,UNKNOWN_DISCOVERY,UNKNOWN_DISCOVERY,UI+featureSpec,KEY_MATCH,Phase E detailed design required,Preference+installer behavioral tests,NO,SEMANTICALLY_VERIFIED:shared ui key + a14/a13 implementation reads + same node family
system_visualizer,A14_UI_system_visualizer_render,Rendering method,system_visualizer_render,A13_UI_system_visualizer_render,system_visualizer_render,SUBOPTION,PRESENT_A13_VARIANT,UPSTREAM_INTENT_EQUIVALENT,YES,YES,LOW,P2,E4,NO,UNKNOWN_DISCOVERY,UNKNOWN_DISCOVERY,UNKNOWN_DISCOVERY,UI+featureSpec,KEY_MATCH,Phase E detailed design required,Preference+installer behavioral tests,NO,SEMANTICALLY_VERIFIED:shared ui key + a14/a13 implementation reads + same node family
system_visualizer,A14_UI_system_visualizer_style,Style,system_visualizer_style,A13_UI_system_visualizer_style,system_visualizer_style,SUBOPTION,PRESENT_A13_VARIANT,UPSTREAM_INTENT_EQUIVALENT,YES,YES,LOW,P2,E4,NO,UNKNOWN_DISCOVERY,UNKNOWN_DISCOVERY,UNKNOWN_DISCOVERY,UI+featureSpec,KEY_MATCH,Phase E detailed design required,Preference+installer behavioral tests,NO,SEMANTICALLY_VERIFIED:shared ui key + a14/a13 implementation reads + same node family
system_visualizer,A14_UI_system_visualizer_transp,Transparency,system_visualizer_transp,A13_UI_system_visualizer_transp,system_visualizer_transp,SUBOPTION,PRESENT_A13_VARIANT,UPSTREAM_INTENT_EQUIVALENT,YES,YES,LOW,P2,E4,NO,UNKNOWN_DISCOVERY,UNKNOWN_DISCOVERY,UNKNOWN_DISCOVERY,UI+featureSpec,KEY_MATCH,Phase E detailed design required,Preference+installer behavioral tests,NO,SEMANTICALLY_VERIFIED:shared ui key + a14/a13 implementation reads + same node family
system,A14_UI_system_volume_hide_dnd_shortcut,Hide DND shortcut,system_volume_hide_dnd_shortcut,,,ACTIONABLE_FEATURE,MISSING_IN_A13,A14_NEW_FEATURE,YES,NO,HIGH,P1,E4,NO,UNKNOWN_DISCOVERY,UNKNOWN_DISCOVERY,UNKNOWN_DISCOVERY,UI+featureSpec,NO_KEY,Phase E detailed design required,Preference+installer behavioral tests,NO,No A13 UI/schema key
system,A14_UI_system_volume_hide_mute_shortcut,Hide Mute shortcut,system_volume_hide_mute_shortcut,,,ACTIONABLE_FEATURE,MISSING_IN_A13,A14_NEW_FEATURE,YES,NO,HIGH,P1,E4,NO,UNKNOWN_DISCOVERY,UNKNOWN_DISCOVERY,UNKNOWN_DISCOVERY,UI+featureSpec,NO_KEY,Phase E detailed design required,Preference+installer behavioral tests,NO,No A13 UI/schema key
system,A14_UI_system_volume_mode_button_background_color,Background color,system_volume_mode_button_background_color,,,ACTIONABLE_FEATURE,MISSING_IN_A13,A14_NEW_FEATURE,YES,NO,HIGH,P1,E4,NO,UNKNOWN_DISCOVERY,UNKNOWN_DISCOVERY,UNKNOWN_DISCOVERY,UI+featureSpec,NO_KEY,Phase E detailed design required,Preference+installer behavioral tests,NO,No A13 UI/schema key
system,A14_UI_system_volume_mode_button_colors,Silent and DND shortcut colors,system_volume_mode_button_colors,,,ACTIONABLE_FEATURE,MISSING_IN_A13,A14_NEW_FEATURE,YES,NO,HIGH,P1,E4,NO,UNKNOWN_DISCOVERY,UNKNOWN_DISCOVERY,UNKNOWN_DISCOVERY,UI+featureSpec,NO_KEY,Phase E detailed design required,Preference+installer behavioral tests,NO,No A13 UI/schema key
system,A14_UI_system_volume_mode_button_icon_color,Icon color,system_volume_mode_button_icon_color,,,ACTIONABLE_FEATURE,MISSING_IN_A13,A14_NEW_FEATURE,YES,NO,HIGH,P1,E4,NO,UNKNOWN_DISCOVERY,UNKNOWN_DISCOVERY,UNKNOWN_DISCOVERY,UI+featureSpec,NO_KEY,Phase E detailed design required,Preference+installer behavioral tests,NO,No A13 UI/schema key
system,A14_UI_system_volumebar_blur_mtk,Enable volume bar blur support for MTK devices,system_volumebar_blur_mtk,A13_UI_system_volumebar_blur_mtk,system_volumebar_blur_mtk,ACTIONABLE_FEATURE,PRESENT_A13_VARIANT,UPSTREAM_INTENT_EQUIVALENT,YES,YES,LOW,P2,E4,NO,UNKNOWN_DISCOVERY,UNKNOWN_DISCOVERY,UNKNOWN_DISCOVERY,UI+featureSpec,KEY_MATCH,Phase E detailed design required,Preference+installer behavioral tests,NO,SEMANTICALLY_VERIFIED:shared ui key + a14/a13 implementation reads + same node family
system,A14_UI_system_volumeblur_collapsed,Collapsed dialog,system_volumeblur_collapsed,A13_UI_system_volumeblur_collapsed,system_volumeblur_collapsed,SUBOPTION,PRESENT_A13_VARIANT,UPSTREAM_INTENT_EQUIVALENT,YES,YES,LOW,P2,E4,NO,UNKNOWN_DISCOVERY,UNKNOWN_DISCOVERY,UNKNOWN_DISCOVERY,UI+featureSpec,KEY_MATCH,Phase E detailed design required,Preference+installer behavioral tests,NO,SEMANTICALLY_VERIFIED:shared ui key + a14/a13 implementation reads + same node family
system,A14_UI_system_volumeblur_expanded,Expanded dialog,system_volumeblur_expanded,A13_UI_system_volumeblur_expanded,system_volumeblur_expanded,SUBOPTION,PRESENT_A13_VARIANT,UPSTREAM_INTENT_EQUIVALENT,YES,YES,LOW,P2,E4,NO,UNKNOWN_DISCOVERY,UNKNOWN_DISCOVERY,UNKNOWN_DISCOVERY,UI+featureSpec,KEY_MATCH,Phase E detailed design required,Preference+installer behavioral tests,NO,SEMANTICALLY_VERIFIED:shared ui key + a14/a13 implementation reads + same node family
system,A14_UI_system_volumedialogdelay_collapsed,Volume dialog autohide delay,system_volumedialogdelay_collapsed,A13_UI_system_volumedialogdelay_collapsed,system_volumedialogdelay_collapsed,SUBOPTION,PRESENT_A13_VARIANT,UPSTREAM_INTENT_EQUIVALENT,YES,YES,LOW,P2,E4,NO,UNKNOWN_DISCOVERY,UNKNOWN_DISCOVERY,UNKNOWN_DISCOVERY,UI+featureSpec,KEY_MATCH,Phase E detailed design required,Preference+installer behavioral tests,NO,SEMANTICALLY_VERIFIED:shared ui key + a14/a13 implementation reads + same node family
system,A14_UI_system_volumedialogdelay_expanded,system_volumedialogdelay_expanded,system_volumedialogdelay_expanded,A13_UI_system_volumedialogdelay_expanded,system_volumedialogdelay_expanded,SUBOPTION,PRESENT_A13_VARIANT,UPSTREAM_INTENT_EQUIVALENT,YES,YES,LOW,P2,E4,NO,UNKNOWN_DISCOVERY,UNKNOWN_DISCOVERY,UNKNOWN_DISCOVERY,UI+featureSpec,KEY_MATCH,Phase E detailed design required,Preference+installer behavioral tests,NO,SEMANTICALLY_VERIFIED:shared ui key + a14/a13 implementation reads + same node family
system,A14_UI_system_volumetimer,Extended timers,system_volumetimer,A13_UI_system_volumetimer,system_volumetimer,ACTIONABLE_FEATURE,PRESENT_A13_VARIANT,UPSTREAM_INTENT_EQUIVALENT,YES,YES,LOW,P2,E4,NO,UNKNOWN_DISCOVERY,UNKNOWN_DISCOVERY,UNKNOWN_DISCOVERY,UI+featureSpec,KEY_MATCH,Phase E detailed design required,Preference+installer behavioral tests,NO,SEMANTICALLY_VERIFIED:shared ui key + a14/a13 implementation reads + same node family
system,SettingsViewWifiPasswordFeatureId,Settings View Wifi Password,system_wifipassword,A13_UI_system_wifipassword,system_wifipassword,ACTIONABLE_FEATURE,PRESENT_A13_VARIANT,UPSTREAM_INTENT_EQUIVALENT,YES,YES,LOW,P2,E4,NO,UNKNOWN_DISCOVERY,SYSTEM_PACKAGE,UNKNOWN_DISCOVERY,UI+featureSpec,KEY_MATCH,Phase E detailed design required,Preference+installer behavioral tests,NO,SEMANTICALLY_VERIFIED:shared ui key + a14/a13 implementation reads + same node family
various,AlarmCompatServiceFeatureId,Alarm Compat Service,various_alarmcompat,A13_UI_various_alarmcompat,various_alarmcompat,ACTIONABLE_FEATURE,PRESENT_A13_VARIANT,UPSTREAM_INTENT_EQUIVALENT,YES,YES,LOW,P2,E4,NO,UNKNOWN_DISCOVERY,SYSTEM_SERVER,UNKNOWN_DISCOVERY,UI+featureSpec,KEY_MATCH,Phase E detailed design required,Preference+installer behavioral tests,NO,SEMANTICALLY_VERIFIED:shared ui key + a14/a13 implementation reads + same node family
various,AllowUntrustedTouchFeatureId,Allow Untrusted Touch,various_allow_untrusted_touch,A13_UI_various_allow_untrusted_touch,various_allow_untrusted_touch,ACTIONABLE_FEATURE,INSUFFICIENT_EVIDENCE,INSUFFICIENT_EVIDENCE,YES,NO,MEDIUM,P1,E4,NO,UNKNOWN_DISCOVERY,SYSTEM_SERVER,UNKNOWN_DISCOVERY,UI+featureSpec,KEY_MATCH,Phase E detailed design required,Preference+installer behavioral tests,NO,MECHANICAL_DISCOVERY:key match only
various,PhoneAnswerCallInHeadUpFeatureId,Phone Answer Call In Head Up,various_answerinheadup,A13_UI_various_answerinheadup,various_answerinheadup,ACTIONABLE_FEATURE,PRESENT_A13_VARIANT,UPSTREAM_INTENT_EQUIVALENT,YES,YES,LOW,P2,E4,NO,UNKNOWN_DISCOVERY,SYSTEM_PACKAGE,UNKNOWN_DISCOVERY,UI+featureSpec,KEY_MATCH,Phase E detailed design required,Preference+installer behavioral tests,NO,SEMANTICALLY_VERIFIED:shared ui key + a14/a13 implementation reads + same node family
various_hiddenfeatures,A14_UI_various_aospnotif,Apps & notifications,various_aospnotif,A13_UI_various_aospnotif,various_aospnotif,ACTIONABLE_FEATURE,INSUFFICIENT_EVIDENCE,INSUFFICIENT_EVIDENCE,YES,NO,MEDIUM,P1,E4,NO,UNKNOWN_DISCOVERY,UNKNOWN_DISCOVERY,UNKNOWN_DISCOVERY,UI+featureSpec,KEY_MATCH,Phase E detailed design required,Preference+installer behavioral tests,NO,MECHANICAL_DISCOVERY:key match only
various_hiddenfeatures,A14_UI_various_aospnotiflog,Notification log,various_aospnotiflog,A13_UI_various_aospnotiflog,various_aospnotiflog,ACTIONABLE_FEATURE,INSUFFICIENT_EVIDENCE,INSUFFICIENT_EVIDENCE,YES,NO,MEDIUM,P1,E4,NO,UNKNOWN_DISCOVERY,UNKNOWN_DISCOVERY,UNKNOWN_DISCOVERY,UI+featureSpec,KEY_MATCH,Phase E detailed design required,Preference+installer behavioral tests,NO,MECHANICAL_DISCOVERY:key match only
various,SecurityCenterAppInfoFeatureId,Security Center App Info,various_appdetails,A13_UI_various_appdetails,various_appdetails,ACTIONABLE_FEATURE,PRESENT_A13_VARIANT,UPSTREAM_INTENT_EQUIVALENT,YES,YES,LOW,P2,E4,NO,UNKNOWN_DISCOVERY,SYSTEM_PACKAGE,UNKNOWN_DISCOVERY,UI+featureSpec,KEY_MATCH,Phase E detailed design required,Preference+installer behavioral tests,NO,SEMANTICALLY_VERIFIED:shared ui key + a14/a13 implementation reads + same node family
various_hiddenfeatures,A14_UI_various_appusagestats,Usage statistics,various_appusagestats,A13_UI_various_appusagestats,various_appusagestats,ACTIONABLE_FEATURE,INSUFFICIENT_EVIDENCE,INSUFFICIENT_EVIDENCE,YES,NO,MEDIUM,P1,E4,NO,UNKNOWN_DISCOVERY,UNKNOWN_DISCOVERY,UNKNOWN_DISCOVERY,UI+featureSpec,KEY_MATCH,Phase E detailed design required,Preference+installer behavioral tests,NO,MECHANICAL_DISCOVERY:key match only
various_hiddenfeatures,A14_UI_various_batteryoptimization,Battery optimization,various_batteryoptimization,A13_UI_various_batteryoptimization,various_batteryoptimization,ACTIONABLE_FEATURE,INSUFFICIENT_EVIDENCE,INSUFFICIENT_EVIDENCE,YES,NO,MEDIUM,P1,E4,NO,UNKNOWN_DISCOVERY,UNKNOWN_DISCOVERY,UNKNOWN_DISCOVERY,UI+featureSpec,KEY_MATCH,Phase E detailed design required,Preference+installer behavioral tests,NO,MECHANICAL_DISCOVERY:key match only
various,A14_UI_various_block_location_permission_prompts,Dismiss location permission prompts,various_block_location_permission_prompts,,,ACTIONABLE_FEATURE,MISSING_IN_A13,A14_NEW_FEATURE,YES,NO,HIGH,P1,E4,NO,UNKNOWN_DISCOVERY,UNKNOWN_DISCOVERY,UNKNOWN_DISCOVERY,UI+featureSpec,NO_KEY,Phase E detailed design required,Preference+installer behavioral tests,NO,No A13 UI/schema key
various,A14_UI_various_block_notification_permission_prompts,Dismiss notification permission prompts,various_block_notification_permission_prompts,,,ACTIONABLE_FEATURE,MISSING_IN_A13,A14_NEW_FEATURE,YES,NO,HIGH,P1,E4,NO,UNKNOWN_DISCOVERY,UNKNOWN_DISCOVERY,UNKNOWN_DISCOVERY,UI+featureSpec,NO_KEY,Phase E detailed design required,Preference+installer behavioral tests,NO,No A13 UI/schema key
various_calluibright,PhoneInCallBrightnessFeatureId,Phone In Call Brightness,various_calluibright,A13_UI_various_calluibright,various_calluibright,ACTIONABLE_FEATURE,PRESENT_A13_VARIANT,UPSTREAM_INTENT_EQUIVALENT,YES,YES,LOW,P2,E4,NO,UNKNOWN_DISCOVERY,SYSTEM_PACKAGE,UNKNOWN_DISCOVERY,UI+featureSpec,KEY_MATCH,Phase E detailed design required,Preference+installer behavioral tests,NO,SEMANTICALLY_VERIFIED:shared ui key + a14/a13 implementation reads + same node family
various_calluibright,A14_UI_various_calluibright_night,Night mode,various_calluibright_night,A13_UI_various_calluibright_night,various_calluibright_night,ACTIONABLE_FEATURE,INSUFFICIENT_EVIDENCE,INSUFFICIENT_EVIDENCE,YES,NO,MEDIUM,P1,E4,NO,UNKNOWN_DISCOVERY,UNKNOWN_DISCOVERY,UNKNOWN_DISCOVERY,UI+featureSpec,KEY_MATCH,Phase E detailed design required,Preference+installer behavioral tests,NO,MECHANICAL_DISCOVERY:key match only
various_calluibright,A14_UI_various_calluibright_night_end,End,various_calluibright_night_end,A13_UI_various_calluibright_night_end,various_calluibright_night_end,ACTIONABLE_FEATURE,INSUFFICIENT_EVIDENCE,INSUFFICIENT_EVIDENCE,YES,NO,MEDIUM,P1,E4,NO,UNKNOWN_DISCOVERY,UNKNOWN_DISCOVERY,UNKNOWN_DISCOVERY,UI+featureSpec,KEY_MATCH,Phase E detailed design required,Preference+installer behavioral tests,NO,MECHANICAL_DISCOVERY:key match only
various_calluibright,A14_UI_various_calluibright_night_start,Start,various_calluibright_night_start,A13_UI_various_calluibright_night_start,various_calluibright_night_start,ACTIONABLE_FEATURE,INSUFFICIENT_EVIDENCE,INSUFFICIENT_EVIDENCE,YES,NO,MEDIUM,P1,E4,NO,UNKNOWN_DISCOVERY,UNKNOWN_DISCOVERY,UNKNOWN_DISCOVERY,UI+featureSpec,KEY_MATCH,Phase E detailed design required,Preference+installer behavioral tests,NO,MECHANICAL_DISCOVERY:key match only
various_calluibright,A14_UI_various_calluibright_type,Call types,various_calluibright_type,A13_UI_various_calluibright_type,various_calluibright_type,SUBOPTION,PRESENT_A13_VARIANT,UPSTREAM_INTENT_EQUIVALENT,YES,YES,LOW,P2,E4,NO,UNKNOWN_DISCOVERY,UNKNOWN_DISCOVERY,UNKNOWN_DISCOVERY,UI+featureSpec,KEY_MATCH,Phase E detailed design required,Preference+installer behavioral tests,NO,SEMANTICALLY_VERIFIED:shared ui key + a14/a13 implementation reads + same node family
various_calluibright,A14_UI_various_calluibright_val,Brightness value,various_calluibright_val,A13_UI_various_calluibright_val,various_calluibright_val,SUBOPTION,PRESENT_A13_VARIANT,UPSTREAM_INTENT_EQUIVALENT,YES,YES,LOW,P2,E4,NO,UNKNOWN_DISCOVERY,UNKNOWN_DISCOVERY,UNKNOWN_DISCOVERY,UI+featureSpec,KEY_MATCH,Phase E detailed design required,Preference+installer behavioral tests,NO,SEMANTICALLY_VERIFIED:shared ui key + a14/a13 implementation reads + same node family
various,NoAccessDeviceLogsRequestFeatureId,No Access Device Logs Request,various_disable_access_devicelogs,A13_UI_various_disable_access_devicelogs,various_disable_access_devicelogs,ACTIONABLE_FEATURE,PRESENT_A13_VARIANT,UPSTREAM_INTENT_EQUIVALENT,YES,YES,LOW,P2,E4,NO,UNKNOWN_DISCOVERY,SYSTEM_SERVER,UNKNOWN_DISCOVERY,UI+featureSpec,KEY_MATCH,Phase E detailed design required,Preference+installer behavioral tests,NO,SEMANTICALLY_VERIFIED:shared ui key + a14/a13 implementation reads + same node family
various,SecurityCenterDisableDockSuggestFeatureId,Security Center Disable Dock Suggest,various_disable_dock_suggest,A13_UI_various_disable_dock_suggest,various_disable_dock_suggest,ACTIONABLE_FEATURE,PRESENT_A13_VARIANT,UPSTREAM_INTENT_EQUIVALENT,YES,YES,LOW,P2,E4,NO,UNKNOWN_DISCOVERY,SYSTEM_PACKAGE,UNKNOWN_DISCOVERY,UI+featureSpec,KEY_MATCH,Phase E detailed design required,Preference+installer behavioral tests,NO,SEMANTICALLY_VERIFIED:shared ui key + a14/a13 implementation reads + same node family
various,SecurityCenterDisableSideBarSuggestionFeatureId,Security Center Disable Side Bar Suggestion,various_disable_freeform_suggest_blacklist,A13_UI_various_disable_freeform_suggest_blacklist,various_disable_freeform_suggest_blacklist,ACTIONABLE_FEATURE,PRESENT_A13_VARIANT,UPSTREAM_INTENT_EQUIVALENT,YES,YES,LOW,P2,E4,NO,UNKNOWN_DISCOVERY,SYSTEM_PACKAGE,UNKNOWN_DISCOVERY,UI+featureSpec,KEY_MATCH,Phase E detailed design required,Preference+installer behavioral tests,NO,SEMANTICALLY_VERIFIED:shared ui key + a14/a13 implementation reads + same node family
various,A14_UI_various_disable_miui_daemon,Force-disable System Quality Service,various_disable_miui_daemon,,,ACTIONABLE_FEATURE,MISSING_IN_A13,A14_NEW_FEATURE,YES,NO,HIGH,P1,E4,NO,UNKNOWN_DISCOVERY,UNKNOWN_DISCOVERY,UNKNOWN_DISCOVERY,UI+featureSpec,NO_KEY,Phase E detailed design required,Preference+installer behavioral tests,NO,No A13 UI/schema key
various,SecurityCenterPersistPrivacyThumbnailBlurFeatureId,Security Center Persist Privacy Thumbnail Blur,various_disable_reset_recents_privacy_blur,,,ACTIONABLE_FEATURE,MISSING_IN_A13,A14_NEW_FEATURE,YES,NO,HIGH,P1,E4,NO,UNKNOWN_DISCOVERY,SYSTEM_PACKAGE,UNKNOWN_DISCOVERY,UI+featureSpec,NO_KEY,Phase E detailed design required,Preference+installer behavioral tests,NO,No A13 UI/schema key
various,A14_UI_various_disable_update_services,Disable Xiaomi updater services,various_disable_update_services,,,ACTIONABLE_FEATURE,MISSING_IN_A13,A14_NEW_FEATURE,YES,NO,HIGH,P1,E4,NO,UNKNOWN_DISCOVERY,UNKNOWN_DISCOVERY,UNKNOWN_DISCOVERY,UI+featureSpec,NO_KEY,Phase E detailed design required,Preference+installer behavioral tests,NO,No A13 UI/schema key
various,A14_UI_various_disable_xiaomi_analytics,Disable Xiaomi analytics and system ads,various_disable_xiaomi_analytics,,,ACTIONABLE_FEATURE,MISSING_IN_A13,A14_NEW_FEATURE,YES,NO,HIGH,P1,E4,NO,UNKNOWN_DISCOVERY,UNKNOWN_DISCOVERY,UNKNOWN_DISCOVERY,UI+featureSpec,NO_KEY,Phase E detailed design required,Preference+installer behavioral tests,NO,No A13 UI/schema key
various,AppsDisableServiceFeatureId,Apps Disable Service,various_disableapp,A13_UI_various_disableapp,various_disableapp,ACTIONABLE_FEATURE,PRESENT_A13_VARIANT,UPSTREAM_INTENT_EQUIVALENT,YES,YES,LOW,P2,E4,NO,UNKNOWN_DISCOVERY,SYSTEM_SERVER,UNKNOWN_DISCOVERY,UI+featureSpec,KEY_MATCH,Phase E detailed design required,Preference+installer behavioral tests,NO,SEMANTICALLY_VERIFIED:shared ui key + a14/a13 implementation reads + same node family
various,SecurityCenterAddSideBarExpandReceiverFeatureId,Security Center Add Side Bar Expand Receiver,various_enable_expand_sidebar,A13_UI_various_enable_expand_sidebar,various_enable_expand_sidebar,ACTIONABLE_FEATURE,PRESENT_A13_VARIANT,UPSTREAM_INTENT_EQUIVALENT,YES,YES,LOW,P2,E4,NO,UNKNOWN_DISCOVERY,SYSTEM_PACKAGE,UNKNOWN_DISCOVERY,UI+featureSpec,KEY_MATCH,Phase E detailed design required,Preference+installer behavioral tests,NO,SEMANTICALLY_VERIFIED:shared ui key + a14/a13 implementation reads + same node family
various,A14_UI_various_gboardpadding_land,Gboard bottom padding in landscape,various_gboardpadding_land,A13_UI_various_gboardpadding_land,various_gboardpadding_land,SUBOPTION,PRESENT_A13_VARIANT,UPSTREAM_INTENT_EQUIVALENT,YES,YES,LOW,P2,E4,NO,UNKNOWN_DISCOVERY,UNKNOWN_DISCOVERY,UNKNOWN_DISCOVERY,UI+featureSpec,KEY_MATCH,Phase E detailed design required,Preference+installer behavioral tests,NO,SEMANTICALLY_VERIFIED:shared ui key + a14/a13 implementation reads + same node family
various,InputMethodGboardPaddingFeatureId,Input Method Gboard Padding,various_gboardpadding_port,A13_UI_various_gboardpadding_port,various_gboardpadding_port,SUBOPTION,PRESENT_A13_VARIANT,UPSTREAM_INTENT_EQUIVALENT,YES,YES,LOW,P2,E4,NO,UNKNOWN_DISCOVERY,ANY,UNKNOWN_DISCOVERY,UI+featureSpec,KEY_MATCH,Phase E detailed design required,Preference+installer behavioral tests,NO,SEMANTICALLY_VERIFIED:shared ui key + a14/a13 implementation reads + same node family
various,SecurityCenterHideReportButtonFeatureId,Security Center Hide Report Button,various_hide_report_ondetails,,,ACTIONABLE_FEATURE,MISSING_IN_A13,A14_NEW_FEATURE,YES,NO,HIGH,P1,E4,NO,UNKNOWN_DISCOVERY,SYSTEM_PACKAGE,UNKNOWN_DISCOVERY,UI+featureSpec,NO_KEY,Phase E detailed design required,Preference+installer behavioral tests,NO,No A13 UI/schema key
various,PackageInstallerAppInfoFeatureId,Package Installer App Info,various_installappinfo,A13_UI_various_installappinfo,various_installappinfo,ACTIONABLE_FEATURE,PRESENT_A13_VARIANT,UPSTREAM_INTENT_EQUIVALENT,YES,YES,LOW,P2,E4,NO,UNKNOWN_DISCOVERY,SYSTEM_PACKAGE,UNKNOWN_DISCOVERY,UI+featureSpec,KEY_MATCH,Phase E detailed design required,Preference+installer behavioral tests,NO,SEMANTICALLY_VERIFIED:shared ui key + a14/a13 implementation reads + same node family
various,PackageInstallerPurifyFeatureId,Package Installer Purify,various_installer_purify,,,ACTIONABLE_FEATURE,MISSING_IN_A13,A14_NEW_FEATURE,YES,NO,HIGH,P1,E4,NO,UNKNOWN_DISCOVERY,SYSTEM_PACKAGE,UNKNOWN_DISCOVERY,UI+featureSpec,NO_KEY,Phase E detailed design required,Preference+installer behavioral tests,NO,No A13 UI/schema key
various_hiddenfeatures,A14_UI_various_memorystats,Memory statistics,various_memorystats,A13_UI_various_memorystats,various_memorystats,ACTIONABLE_FEATURE,INSUFFICIENT_EVIDENCE,INSUFFICIENT_EVIDENCE,YES,NO,MEDIUM,P1,E4,NO,UNKNOWN_DISCOVERY,UNKNOWN_DISCOVERY,UNKNOWN_DISCOVERY,UI+featureSpec,KEY_MATCH,Phase E detailed design required,Preference+installer behavioral tests,NO,MECHANICAL_DISCOVERY:key match only
various,PackageInstallerMiuiPackageFeatureId,Package Installer Miui Package,various_miuiinstaller,A13_UI_various_miuiinstaller,various_miuiinstaller,ACTIONABLE_FEATURE,PRESENT_A13_VARIANT,UPSTREAM_INTENT_EQUIVALENT,YES,YES,LOW,P2,E4,NO,UNKNOWN_DISCOVERY,SYSTEM_PACKAGE,UNKNOWN_DISCOVERY,UI+featureSpec,KEY_MATCH,Phase E detailed design required,Preference+installer behavioral tests,NO,SEMANTICALLY_VERIFIED:shared ui key + a14/a13 implementation reads + same node family
various,PowerKeeperPersistBatteryOptimizationFeatureId,Power Keeper Persist Battery Optimization,various_persist_batteryoptimization,A13_UI_various_persist_batteryoptimization,various_persist_batteryoptimization,ACTIONABLE_FEATURE,PRESENT_A13_VARIANT,UPSTREAM_INTENT_EQUIVALENT,YES,YES,LOW,P2,E4,NO,UNKNOWN_DISCOVERY,SYSTEM_PACKAGE,UNKNOWN_DISCOVERY,UI+featureSpec,KEY_MATCH,Phase E detailed design required,Preference+installer behavioral tests,NO,SEMANTICALLY_VERIFIED:shared ui key + a14/a13 implementation reads + same node family
launcher,SecurityCenterPrivacyAppsLayoutFeatureId,Security Center Privacy Apps Layout,various_privacyapps_column_nums4,A13_UI_various_privacyapps_column_nums4,various_privacyapps_column_nums4,ACTIONABLE_FEATURE,PRESENT_A13_VARIANT,UPSTREAM_INTENT_EQUIVALENT,YES,YES,LOW,P2,E3,NO,UNKNOWN_DISCOVERY,SYSTEM_PACKAGE,UNKNOWN_DISCOVERY,UI+featureSpec,KEY_MATCH,Phase E detailed design required,Preference+installer behavioral tests,NO,SEMANTICALLY_VERIFIED:shared ui key + a14/a13 implementation reads + same node family
various,A14_UI_various_remove_security_center_antivirus,Remove Security Center antivirus and reminders,various_remove_security_center_antivirus,,,ACTIONABLE_FEATURE,MISSING_IN_A13,A14_NEW_FEATURE,YES,NO,HIGH,P1,E4,NO,UNKNOWN_DISCOVERY,UNKNOWN_DISCOVERY,UNKNOWN_DISCOVERY,UI+featureSpec,NO_KEY,Phase E detailed design required,Preference+installer behavioral tests,NO,No A13 UI/schema key
various,SecurityCenterOpenByDefaultFeatureId,Security Center Open By Default,various_replace_defaultopen_with_openbydefault,A13_UI_various_replace_defaultopen_with_openbydefault,various_replace_defaultopen_with_openbydefault,ACTIONABLE_FEATURE,PRESENT_A13_VARIANT,UPSTREAM_INTENT_EQUIVALENT,YES,YES,LOW,P2,E4,NO,UNKNOWN_DISCOVERY,SYSTEM_PACKAGE,UNKNOWN_DISCOVERY,UI+featureSpec,KEY_MATCH,Phase E detailed design required,Preference+installer behavioral tests,NO,SEMANTICALLY_VERIFIED:shared ui key + a14/a13 implementation reads + same node family
various,SecurityCenterAppsRestrictFeatureId,Security Center Apps Restrict,various_restrictapp,A13_UI_various_restrictapp,various_restrictapp,ACTIONABLE_FEATURE,PRESENT_A13_VARIANT,UPSTREAM_INTENT_EQUIVALENT,YES,YES,LOW,P2,E4,NO,UNKNOWN_DISCOVERY,SYSTEM_PACKAGE,UNKNOWN_DISCOVERY,UI+featureSpec,KEY_MATCH,Phase E detailed design required,Preference+installer behavioral tests,NO,SEMANTICALLY_VERIFIED:shared ui key + a14/a13 implementation reads + same node family
various_hiddenfeatures,A14_UI_various_runningservices,Running services,various_runningservices,A13_UI_various_runningservices,various_runningservices,ACTIONABLE_FEATURE,INSUFFICIENT_EVIDENCE,INSUFFICIENT_EVIDENCE,YES,NO,MEDIUM,P1,E4,NO,UNKNOWN_DISCOVERY,UNKNOWN_DISCOVERY,UNKNOWN_DISCOVERY,UI+featureSpec,KEY_MATCH,Phase E detailed design required,Preference+installer behavioral tests,NO,MECHANICAL_DISCOVERY:key match only
various,SecurityCenterShowTempInBatteryFeatureId,Security Center Show Temp In Battery,various_show_battery_temperature,A13_UI_various_show_battery_temperature,various_show_battery_temperature,ACTIONABLE_FEATURE,PRESENT_A13_VARIANT,UPSTREAM_INTENT_EQUIVALENT,YES,YES,LOW,P2,E4,NO,UNKNOWN_DISCOVERY,SYSTEM_PACKAGE,UNKNOWN_DISCOVERY,UI+featureSpec,KEY_MATCH,Phase E detailed design required,Preference+installer behavioral tests,NO,SEMANTICALLY_VERIFIED:shared ui key + a14/a13 implementation reads + same node family
various,ForegroundMonitorFeatureId,Foreground Monitor,various_showcallui,A13_UI_various_showcallui,various_showcallui,SUBOPTION,PRESENT_A13_VARIANT,UPSTREAM_INTENT_EQUIVALENT,YES,YES,LOW,P2,E4,NO,UNKNOWN_DISCOVERY,SYSTEM_UI,UNKNOWN_DISCOVERY,UI+featureSpec,KEY_MATCH,Phase E detailed design required,Preference+installer behavioral tests,NO,SEMANTICALLY_VERIFIED:shared ui key + a14/a13 implementation reads + same node family
various,SecurityCenterInterceptPermFeatureId,Security Center Intercept Perm,various_skip_interceptperm,A13_UI_various_skip_interceptperm,various_skip_interceptperm,ACTIONABLE_FEATURE,PRESENT_A13_VARIANT,UPSTREAM_INTENT_EQUIVALENT,YES,YES,LOW,P2,E4,NO,UNKNOWN_DISCOVERY,SYSTEM_PACKAGE,UNKNOWN_DISCOVERY,UI+featureSpec,KEY_MATCH,Phase E detailed design required,Preference+installer behavioral tests,NO,SEMANTICALLY_VERIFIED:shared ui key + a14/a13 implementation reads + same node family
various,SecurityCenterSkipSecurityScanFeatureId,Security Center Skip Security Scan,various_skip_securityscan,A13_UI_various_skip_securityscan,various_skip_securityscan,ACTIONABLE_FEATURE,PRESENT_A13_VARIANT,UPSTREAM_INTENT_EQUIVALENT,YES,YES,LOW,P2,E4,NO,UNKNOWN_DISCOVERY,SYSTEM_PACKAGE,UNKNOWN_DISCOVERY,UI+featureSpec,KEY_MATCH,Phase E detailed design required,Preference+installer behavioral tests,NO,SEMANTICALLY_VERIFIED:shared ui key + a14/a13 implementation reads + same node family
various,A14_UI_various_swipe_expand_sidebar,Allow swipe to expand sidebar,various_swipe_expand_sidebar,A13_UI_various_swipe_expand_sidebar,various_swipe_expand_sidebar,ACTIONABLE_FEATURE,PRESENT_A13_VARIANT,UPSTREAM_INTENT_EQUIVALENT,YES,YES,LOW,P2,E4,NO,UNKNOWN_DISCOVERY,UNKNOWN_DISCOVERY,UNKNOWN_DISCOVERY,UI+featureSpec,KEY_MATCH,Phase E detailed design required,Preference+installer behavioral tests,NO,SEMANTICALLY_VERIFIED:shared ui key + a14/a13 implementation reads + same node family
various,A14_UI_various_trim_miui_daemon_network,Trim Daemon cloud control and uploads,various_trim_miui_daemon_network,,,ACTIONABLE_FEATURE,MISSING_IN_A13,A14_NEW_FEATURE,YES,NO,HIGH,P1,E4,NO,UNKNOWN_DISCOVERY,UNKNOWN_DISCOVERY,UNKNOWN_DISCOVERY,UI+featureSpec,NO_KEY,Phase E detailed design required,Preference+installer behavioral tests,NO,No A13 UI/schema key
various,A14_UI_various_trim_security_center_marketing,Trim Security Center marketing startup,various_trim_security_center_marketing,,,ACTIONABLE_FEATURE,MISSING_IN_A13,A14_NEW_FEATURE,YES,NO,HIGH,P1,E4,NO,UNKNOWN_DISCOVERY,UNKNOWN_DISCOVERY,UNKNOWN_DISCOVERY,UI+featureSpec,NO_KEY,Phase E detailed design required,Preference+installer behavioral tests,NO,No A13 UI/schema key
main,A14_UI_warning,warning,warning,A13_UI_warning,warning,ACTIONABLE_FEATURE,INSUFFICIENT_EVIDENCE,INSUFFICIENT_EVIDENCE,YES,NO,MEDIUM,P1,E4,NO,UNKNOWN_DISCOVERY,UNKNOWN_DISCOVERY,UNKNOWN_DISCOVERY,UI+featureSpec,KEY_MATCH,Phase E detailed design required,Preference+installer behavioral tests,NO,MECHANICAL_DISCOVERY:key match only
infrastructure,infra.backup_restore,Backup / Restore,,,,ACTIONABLE_FEATURE,MISSING_IN_A13,SEMANTIC_DRIFT,NO,YES,HIGH,P0,E1,NO,APP_MAIN,tv.withaibuild.customiuizer,app,"utils/BackupFormatV2.kt, utils/BackupRestore.kt, AppLocaleController",legacy implementation,Adopt typed stable product semantics without API34-only calls,unit + integration + migration fixtures,NO,SEMANTICALLY_VERIFIED:A14 BackupFormatV2+typed restore vs A13 ObjectInput/ObjectOutput
infrastructure,infra.language_about,Language / About,,infra.language_about,,ACTIONABLE_FEATURE,PRESENT_A13_VARIANT,UPSTREAM_INTENT_EQUIVALENT,NO,YES,MEDIUM,P1,E1,NO,APP_MAIN,tv.withaibuild.customiuizer,app,"utils/BackupFormatV2.kt, utils/BackupRestore.kt, AppLocaleController",legacy implementation,Adopt typed stable product semantics without API34-only calls,unit + integration + migration fixtures,NO,SEMANTICALLY_VERIFIED:explicit source review of infra owners
infrastructure,infra.search_navigation,Search Navigation,,infra.search_navigation,,ACTIONABLE_FEATURE,PRESENT_A13_VARIANT,UPSTREAM_INTENT_EQUIVALENT,NO,YES,MEDIUM,P1,E1,NO,APP_MAIN,tv.withaibuild.customiuizer,app,"utils/BackupFormatV2.kt, utils/BackupRestore.kt, AppLocaleController",legacy implementation,Adopt typed stable product semantics without API34-only calls,unit + integration + migration fixtures,NO,SEMANTICALLY_VERIFIED:explicit source review of infra owners
infrastructure,infra.restart_ux,Restart UX,,infra.restart_ux,,ACTIONABLE_FEATURE,PRESENT_A13_VARIANT,UPSTREAM_INTENT_EQUIVALENT,NO,YES,MEDIUM,P1,E1,NO,APP_MAIN,tv.withaibuild.customiuizer,app,"utils/BackupFormatV2.kt, utils/BackupRestore.kt, AppLocaleController",legacy implementation,Adopt typed stable product semantics without API34-only calls,unit + integration + migration fixtures,NO,SEMANTICALLY_VERIFIED:explicit source review of infra owners
infrastructure,infra.locale_reconcile,Locale Reconcile,,infra.locale_reconcile,,ACTIONABLE_FEATURE,PRESENT_A13_VARIANT,UPSTREAM_INTENT_EQUIVALENT,NO,YES,MEDIUM,P1,E1,NO,APP_MAIN,tv.withaibuild.customiuizer,app,"utils/BackupFormatV2.kt, utils/BackupRestore.kt, AppLocaleController",legacy implementation,Adopt typed stable product semantics without API34-only calls,unit + integration + migration fixtures,NO,SEMANTICALLY_VERIFIED:explicit source review of infra owners
infrastructure,infra.launcher_reconcile,Launcher Reconcile,,infra.launcher_reconcile,,ACTIONABLE_FEATURE,PRESENT_A13_VARIANT,UPSTREAM_INTENT_EQUIVALENT,NO,YES,MEDIUM,P1,E1,NO,APP_MAIN,tv.withaibuild.customiuizer,app,"utils/BackupFormatV2.kt, utils/BackupRestore.kt, AppLocaleController",legacy implementation,Adopt typed stable product semantics without API34-only calls,unit + integration + migration fixtures,NO,SEMANTICALLY_VERIFIED:explicit source review of infra owners
infrastructure,infra.app_selection_sanitizer,App Selection Sanitizer,,infra.app_selection_sanitizer,,ACTIONABLE_FEATURE,PRESENT_A13_VARIANT,UPSTREAM_INTENT_EQUIVALENT,NO,YES,MEDIUM,P1,E1,NO,APP_MAIN,tv.withaibuild.customiuizer,app,"utils/BackupFormatV2.kt, utils/BackupRestore.kt, AppLocaleController",legacy implementation,Adopt typed stable product semantics without API34-only calls,unit + integration + migration fixtures,NO,SEMANTICALLY_VERIFIED:explicit source review of infra owners
controls,,,,A13_UI_controls_fingerprint1,controls_fingerprint1,ACTIONABLE_FEATURE,A13_ONLY_KEEP,A13_COMPAT_VARIANT,YES,NO,LOW,P3,,NO,UNKNOWN_DISCOVERY,UNKNOWN_DISCOVERY,UNKNOWN_DISCOVERY,,A13-only capability,KEEP,preserve existing behavior,NO,MECHANICAL_DISCOVERY:A13 key absent in A14 actionable inventory
controls,,,,A13_UI_controls_fingerprint2,controls_fingerprint2,ACTIONABLE_FEATURE,A13_ONLY_KEEP,A13_COMPAT_VARIANT,YES,NO,LOW,P3,,NO,UNKNOWN_DISCOVERY,UNKNOWN_DISCOVERY,UNKNOWN_DISCOVERY,,A13-only capability,KEEP,preserve existing behavior,NO,MECHANICAL_DISCOVERY:A13 key absent in A14 actionable inventory
controls,,,,A13_UI_controls_fingerprint2_delay,controls_fingerprint2_delay,SUBOPTION,A13_ONLY_KEEP,A13_COMPAT_VARIANT,YES,NO,LOW,P3,,NO,UNKNOWN_DISCOVERY,UNKNOWN_DISCOVERY,UNKNOWN_DISCOVERY,,A13-only capability,KEEP,preserve existing behavior,NO,MECHANICAL_DISCOVERY:A13 key absent in A14 actionable inventory
controls,,,,A13_UI_controls_fingerprint_accept,controls_fingerprint_accept,SUBOPTION,A13_ONLY_KEEP,A13_COMPAT_VARIANT,YES,NO,LOW,P3,,NO,UNKNOWN_DISCOVERY,UNKNOWN_DISCOVERY,UNKNOWN_DISCOVERY,,A13-only capability,KEEP,preserve existing behavior,NO,MECHANICAL_DISCOVERY:A13 key absent in A14 actionable inventory
controls,,,,A13_UI_controls_fingerprint_hangup,controls_fingerprint_hangup,SUBOPTION,A13_ONLY_KEEP,A13_COMPAT_VARIANT,YES,NO,LOW,P3,,NO,UNKNOWN_DISCOVERY,UNKNOWN_DISCOVERY,UNKNOWN_DISCOVERY,,A13-only capability,KEEP,preserve existing behavior,NO,MECHANICAL_DISCOVERY:A13 key absent in A14 actionable inventory
controls,,,,A13_UI_controls_fingerprint_reject,controls_fingerprint_reject,SUBOPTION,A13_ONLY_KEEP,A13_COMPAT_VARIANT,YES,NO,LOW,P3,,NO,UNKNOWN_DISCOVERY,UNKNOWN_DISCOVERY,UNKNOWN_DISCOVERY,,A13-only capability,KEEP,preserve existing behavior,NO,MECHANICAL_DISCOVERY:A13 key absent in A14 actionable inventory
controls,,,,A13_UI_controls_fingerprintlong,controls_fingerprintlong,ACTIONABLE_FEATURE,A13_ONLY_KEEP,A13_COMPAT_VARIANT,YES,NO,LOW,P3,,NO,UNKNOWN_DISCOVERY,UNKNOWN_DISCOVERY,UNKNOWN_DISCOVERY,,A13-only capability,KEEP,preserve existing behavior,NO,MECHANICAL_DISCOVERY:A13 key absent in A14 actionable inventory
controls,,,,A13_UI_controls_fingerprintlong_delay,controls_fingerprintlong_delay,SUBOPTION,A13_ONLY_KEEP,A13_COMPAT_VARIANT,YES,NO,LOW,P3,,NO,UNKNOWN_DISCOVERY,UNKNOWN_DISCOVERY,UNKNOWN_DISCOVERY,,A13-only capability,KEEP,preserve existing behavior,NO,MECHANICAL_DISCOVERY:A13 key absent in A14 actionable inventory
controls,,,,A13_UI_controls_fingerprintskip,controls_fingerprintskip,ACTIONABLE_FEATURE,A13_ONLY_KEEP,A13_COMPAT_VARIANT,YES,NO,LOW,P3,,NO,UNKNOWN_DISCOVERY,UNKNOWN_DISCOVERY,UNKNOWN_DISCOVERY,,A13-only capability,KEEP,preserve existing behavior,NO,MECHANICAL_DISCOVERY:A13 key absent in A14 actionable inventory
controls,,,,A13_UI_controls_fingerprintskip2,controls_fingerprintskip2,ACTIONABLE_FEATURE,A13_ONLY_KEEP,A13_COMPAT_VARIANT,YES,NO,LOW,P3,,NO,UNKNOWN_DISCOVERY,UNKNOWN_DISCOVERY,UNKNOWN_DISCOVERY,,A13-only capability,KEEP,preserve existing behavior,NO,MECHANICAL_DISCOVERY:A13 key absent in A14 actionable inventory
controls,,,,A13_UI_controls_imebackalticon,controls_imebackalticon,ACTIONABLE_FEATURE,A13_ONLY_KEEP,A13_COMPAT_VARIANT,YES,NO,LOW,P3,,NO,UNKNOWN_DISCOVERY,UNKNOWN_DISCOVERY,UNKNOWN_DISCOVERY,,A13-only capability,KEEP,preserve existing behavior,NO,MECHANICAL_DISCOVERY:A13 key absent in A14 actionable inventory
controls,,,,A13_UI_controls_navbarheight,controls_navbarheight,SUBOPTION,A13_ONLY_KEEP,A13_COMPAT_VARIANT,YES,NO,LOW,P3,,NO,UNKNOWN_DISCOVERY,UNKNOWN_DISCOVERY,UNKNOWN_DISCOVERY,,A13-only capability,KEEP,preserve existing behavior,NO,MECHANICAL_DISCOVERY:A13 key absent in A14 actionable inventory
launcher_cat,,,,A13_UI_launcher_mods,launcher_mods,SUBOPTION,A13_ONLY_KEEP,A13_COMPAT_VARIANT,YES,NO,LOW,P3,,NO,UNKNOWN_DISCOVERY,UNKNOWN_DISCOVERY,UNKNOWN_DISCOVERY,,A13-only capability,KEEP,preserve existing behavior,NO,MECHANICAL_DISCOVERY:A13 key absent in A14 actionable inventory
system,,,,A13_UI_system_airplanemodeconfig,system_airplanemodeconfig,ACTIONABLE_FEATURE,A13_ONLY_KEEP,A13_COMPAT_VARIANT,YES,NO,LOW,P3,,NO,UNKNOWN_DISCOVERY,UNKNOWN_DISCOVERY,UNKNOWN_DISCOVERY,,A13-only capability,KEEP,preserve existing behavior,NO,MECHANICAL_DISCOVERY:A13 key absent in A14 actionable inventory
system_airplanemode,,,,A13_UI_system_airplanemodeconfig_bt,system_airplanemodeconfig_bt,SUBOPTION,A13_ONLY_KEEP,A13_COMPAT_VARIANT,YES,NO,LOW,P3,,NO,UNKNOWN_DISCOVERY,UNKNOWN_DISCOVERY,UNKNOWN_DISCOVERY,,A13-only capability,KEEP,preserve existing behavior,NO,MECHANICAL_DISCOVERY:A13 key absent in A14 actionable inventory
system_airplanemode,,,,A13_UI_system_airplanemodeconfig_cell,system_airplanemodeconfig_cell,SUBOPTION,A13_ONLY_KEEP,A13_COMPAT_VARIANT,YES,NO,LOW,P3,,NO,UNKNOWN_DISCOVERY,UNKNOWN_DISCOVERY,UNKNOWN_DISCOVERY,,A13-only capability,KEEP,preserve existing behavior,NO,MECHANICAL_DISCOVERY:A13 key absent in A14 actionable inventory
system_airplanemode,,,,A13_UI_system_airplanemodeconfig_nfc,system_airplanemodeconfig_nfc,SUBOPTION,A13_ONLY_KEEP,A13_COMPAT_VARIANT,YES,NO,LOW,P3,,NO,UNKNOWN_DISCOVERY,UNKNOWN_DISCOVERY,UNKNOWN_DISCOVERY,,A13-only capability,KEEP,preserve existing behavior,NO,MECHANICAL_DISCOVERY:A13 key absent in A14 actionable inventory
system_airplanemode,,,,A13_UI_system_airplanemodeconfig_note,system_airplanemodeconfig_note,ACTIONABLE_FEATURE,A13_ONLY_KEEP,A13_COMPAT_VARIANT,YES,NO,LOW,P3,,NO,UNKNOWN_DISCOVERY,UNKNOWN_DISCOVERY,UNKNOWN_DISCOVERY,,A13-only capability,KEEP,preserve existing behavior,NO,MECHANICAL_DISCOVERY:A13 key absent in A14 actionable inventory
system_airplanemode,,,,A13_UI_system_airplanemodeconfig_wifi,system_airplanemodeconfig_wifi,SUBOPTION,A13_ONLY_KEEP,A13_COMPAT_VARIANT,YES,NO,LOW,P3,,NO,UNKNOWN_DISCOVERY,UNKNOWN_DISCOVERY,UNKNOWN_DISCOVERY,,A13-only capability,KEEP,preserve existing behavior,NO,MECHANICAL_DISCOVERY:A13 key absent in A14 actionable inventory
system_airplanemode,,,,A13_UI_system_airplanemodeconfig_wimax,system_airplanemodeconfig_wimax,SUBOPTION,A13_ONLY_KEEP,A13_COMPAT_VARIANT,YES,NO,LOW,P3,,NO,UNKNOWN_DISCOVERY,UNKNOWN_DISCOVERY,UNKNOWN_DISCOVERY,,A13-only capability,KEEP,preserve existing behavior,NO,MECHANICAL_DISCOVERY:A13 key absent in A14 actionable inventory
system,,,,A13_UI_system_allowdirectreply,system_allowdirectreply,ACTIONABLE_FEATURE,A13_ONLY_KEEP,A13_COMPAT_VARIANT,YES,NO,LOW,P3,,NO,UNKNOWN_DISCOVERY,UNKNOWN_DISCOVERY,UNKNOWN_DISCOVERY,,A13-only capability,KEEP,preserve existing behavior,NO,MECHANICAL_DISCOVERY:A13 key absent in A14 actionable inventory
system,,,,A13_UI_system_autogroupnotif,system_autogroupnotif,SUBOPTION,A13_ONLY_KEEP,A13_COMPAT_VARIANT,YES,NO,LOW,P3,,NO,UNKNOWN_DISCOVERY,UNKNOWN_DISCOVERY,UNKNOWN_DISCOVERY,,A13-only capability,KEEP,preserve existing behavior,NO,MECHANICAL_DISCOVERY:A13 key absent in A14 actionable inventory
system,,,,A13_UI_system_betterpopups_swipedown,system_betterpopups_swipedown,ACTIONABLE_FEATURE,A13_ONLY_KEEP,A13_COMPAT_VARIANT,YES,NO,LOW,P3,,NO,UNKNOWN_DISCOVERY,UNKNOWN_DISCOVERY,UNKNOWN_DISCOVERY,,A13-only capability,KEEP,preserve existing behavior,NO,MECHANICAL_DISCOVERY:A13 key absent in A14 actionable inventory
system,,,,A13_UI_system_cc_bluetooth_tile_style,system_cc_bluetooth_tile_style,SUBOPTION,A13_ONLY_KEEP,A13_COMPAT_VARIANT,YES,NO,LOW,P3,,NO,UNKNOWN_DISCOVERY,UNKNOWN_DISCOVERY,UNKNOWN_DISCOVERY,,A13-only capability,KEEP,preserve existing behavior,NO,MECHANICAL_DISCOVERY:A13 key absent in A14 actionable inventory
system_controlcenter_clock,,,,A13_UI_system_cc_clock_fixedcontent_width,system_cc_clock_fixedcontent_width,SUBOPTION,A13_ONLY_KEEP,A13_COMPAT_VARIANT,YES,NO,LOW,P3,,NO,UNKNOWN_DISCOVERY,UNKNOWN_DISCOVERY,UNKNOWN_DISCOVERY,,A13-only capability,KEEP,preserve existing behavior,NO,MECHANICAL_DISCOVERY:A13 key absent in A14 actionable inventory
system_controlcenter_clock,,,,A13_UI_system_cc_clock_topmargin_indrawer,system_cc_clock_topmargin_indrawer,SUBOPTION,A13_ONLY_KEEP,A13_COMPAT_VARIANT,YES,NO,LOW,P3,,NO,UNKNOWN_DISCOVERY,UNKNOWN_DISCOVERY,UNKNOWN_DISCOVERY,,A13-only capability,KEEP,preserve existing behavior,NO,MECHANICAL_DISCOVERY:A13 key absent in A14 actionable inventory
system,,,,A13_UI_system_cc_custom_clock_action,system_cc_custom_clock_action,ACTIONABLE_FEATURE,A13_ONLY_KEEP,A13_COMPAT_VARIANT,YES,NO,LOW,P3,,NO,UNKNOWN_DISCOVERY,UNKNOWN_DISCOVERY,UNKNOWN_DISCOVERY,,A13-only capability,KEEP,preserve existing behavior,NO,MECHANICAL_DISCOVERY:A13 key absent in A14 actionable inventory
system,,,,A13_UI_system_cc_disable_bluetooth_restrict,system_cc_disable_bluetooth_restrict,ACTIONABLE_FEATURE,A13_ONLY_KEEP,A13_COMPAT_VARIANT,YES,NO,LOW,P3,,NO,UNKNOWN_DISCOVERY,UNKNOWN_DISCOVERY,UNKNOWN_DISCOVERY,,A13-only capability,KEEP,preserve existing behavior,NO,MECHANICAL_DISCOVERY:A13 key absent in A14 actionable inventory
system,,,,A13_UI_system_cc_hide_shortcuticons,system_cc_hide_shortcuticons,ACTIONABLE_FEATURE,A13_ONLY_KEEP,A13_COMPAT_VARIANT,YES,NO,LOW,P3,,NO,UNKNOWN_DISCOVERY,UNKNOWN_DISCOVERY,UNKNOWN_DISCOVERY,,A13-only capability,KEEP,preserve existing behavior,NO,MECHANICAL_DISCOVERY:A13 key absent in A14 actionable inventory
system,,,,A13_UI_system_ccgridrows,system_ccgridrows,SUBOPTION,A13_ONLY_KEEP,A13_COMPAT_VARIANT,YES,NO,LOW,P3,,NO,UNKNOWN_DISCOVERY,UNKNOWN_DISCOVERY,UNKNOWN_DISCOVERY,,A13-only capability,KEEP,preserve existing behavior,NO,MECHANICAL_DISCOVERY:A13 key absent in A14 actionable inventory
system,,,,A13_UI_system_compactnotif,system_compactnotif,ACTIONABLE_FEATURE,A13_ONLY_KEEP,A13_COMPAT_VARIANT,YES,NO,LOW,P3,,NO,UNKNOWN_DISCOVERY,UNKNOWN_DISCOVERY,UNKNOWN_DISCOVERY,,A13-only capability,KEEP,preserve existing behavior,NO,MECHANICAL_DISCOVERY:A13 key absent in A14 actionable inventory
system,,,,A13_UI_system_defaultusb,system_defaultusb,SUBOPTION,A13_ONLY_KEEP,A13_COMPAT_VARIANT,YES,NO,LOW,P3,,NO,UNKNOWN_DISCOVERY,UNKNOWN_DISCOVERY,UNKNOWN_DISCOVERY,,A13-only capability,KEEP,preserve existing behavior,NO,MECHANICAL_DISCOVERY:A13 key absent in A14 actionable inventory
system,,,,A13_UI_system_defaultusb_unsecure,system_defaultusb_unsecure,ACTIONABLE_FEATURE,A13_ONLY_KEEP,A13_COMPAT_VARIANT,YES,NO,LOW,P3,,NO,UNKNOWN_DISCOVERY,UNKNOWN_DISCOVERY,UNKNOWN_DISCOVERY,,A13-only capability,KEEP,preserve existing behavior,NO,MECHANICAL_DISCOVERY:A13 key absent in A14 actionable inventory
system_detailednetspeed,,,,A13_UI_system_detailednetspeed,system_detailednetspeed,ACTIONABLE_FEATURE,A13_ONLY_KEEP,A13_COMPAT_VARIANT,YES,NO,LOW,P3,,NO,UNKNOWN_DISCOVERY,UNKNOWN_DISCOVERY,UNKNOWN_DISCOVERY,,A13-only capability,KEEP,preserve existing behavior,NO,MECHANICAL_DISCOVERY:A13 key absent in A14 actionable inventory
system_detailednetspeed,,,,A13_UI_system_detailednetspeed_fakedualrow,system_detailednetspeed_fakedualrow,ACTIONABLE_FEATURE,A13_ONLY_KEEP,A13_COMPAT_VARIANT,YES,NO,LOW,P3,,NO,UNKNOWN_DISCOVERY,UNKNOWN_DISCOVERY,UNKNOWN_DISCOVERY,,A13-only capability,KEEP,preserve existing behavior,NO,MECHANICAL_DISCOVERY:A13 key absent in A14 actionable inventory
system,,,,A13_UI_system_drawer_show_stepcount,system_drawer_show_stepcount,ACTIONABLE_FEATURE,A13_ONLY_KEEP,A13_COMPAT_VARIANT,YES,NO,LOW,P3,,NO,UNKNOWN_DISCOVERY,UNKNOWN_DISCOVERY,UNKNOWN_DISCOVERY,,A13-only capability,KEEP,preserve existing behavior,NO,MECHANICAL_DISCOVERY:A13 key absent in A14 actionable inventory
system,,,,A13_UI_system_fw_sticky,system_fw_sticky,ACTIONABLE_FEATURE,A13_ONLY_KEEP,A13_COMPAT_VARIANT,YES,NO,LOW,P3,,NO,UNKNOWN_DISCOVERY,UNKNOWN_DISCOVERY,UNKNOWN_DISCOVERY,,A13-only capability,KEEP,preserve existing behavior,NO,MECHANICAL_DISCOVERY:A13 key absent in A14 actionable inventory
system,,,,A13_UI_system_hidemoreicon,system_hidemoreicon,ACTIONABLE_FEATURE,A13_ONLY_KEEP,A13_COMPAT_VARIANT,YES,NO,LOW,P3,,NO,UNKNOWN_DISCOVERY,UNKNOWN_DISCOVERY,UNKNOWN_DISCOVERY,,A13-only capability,KEEP,preserve existing behavior,NO,MECHANICAL_DISCOVERY:A13 key absent in A14 actionable inventory
system,,,,A13_UI_system_hideqs,system_hideqs,ACTIONABLE_FEATURE,A13_ONLY_KEEP,A13_COMPAT_VARIANT,YES,NO,LOW,P3,,NO,UNKNOWN_DISCOVERY,UNKNOWN_DISCOVERY,UNKNOWN_DISCOVERY,,A13-only capability,KEEP,preserve existing behavior,NO,MECHANICAL_DISCOVERY:A13 key absent in A14 actionable inventory
system,,,,A13_UI_system_inactivebrightness,system_inactivebrightness,SUBOPTION,A13_ONLY_KEEP,A13_COMPAT_VARIANT,YES,NO,LOW,P3,,NO,UNKNOWN_DISCOVERY,UNKNOWN_DISCOVERY,UNKNOWN_DISCOVERY,,A13-only capability,KEEP,preserve existing behavior,NO,MECHANICAL_DISCOVERY:A13 key absent in A14 actionable inventory
system_lockscreenshortcuts,,,,A13_UI_system_lockscreenshortcuts_right_image,system_lockscreenshortcuts_right_image,ACTIONABLE_FEATURE,A13_ONLY_KEEP,A13_COMPAT_VARIANT,YES,NO,LOW,P3,,NO,UNKNOWN_DISCOVERY,UNKNOWN_DISCOVERY,UNKNOWN_DISCOVERY,,A13-only capability,KEEP,preserve existing behavior,NO,MECHANICAL_DISCOVERY:A13 key absent in A14 actionable inventory
system,,,,A13_UI_system_ls_force_systemfonts,system_ls_force_systemfonts,ACTIONABLE_FEATURE,A13_ONLY_KEEP,A13_COMPAT_VARIANT,YES,NO,LOW,P3,,NO,UNKNOWN_DISCOVERY,UNKNOWN_DISCOVERY,UNKNOWN_DISCOVERY,,A13-only capability,KEEP,preserve existing behavior,NO,MECHANICAL_DISCOVERY:A13 key absent in A14 actionable inventory
system,,,,A13_UI_system_messagingstylelines,system_messagingstylelines,SUBOPTION,A13_ONLY_KEEP,A13_COMPAT_VARIANT,YES,NO,LOW,P3,,NO,UNKNOWN_DISCOVERY,UNKNOWN_DISCOVERY,UNKNOWN_DISCOVERY,,A13-only capability,KEEP,preserve existing behavior,NO,MECHANICAL_DISCOVERY:A13 key absent in A14 actionable inventory
system_detailednetspeed,,,,A13_UI_system_netspeed_bold,system_netspeed_bold,ACTIONABLE_FEATURE,A13_ONLY_KEEP,A13_COMPAT_VARIANT,YES,NO,LOW,P3,,NO,UNKNOWN_DISCOVERY,UNKNOWN_DISCOVERY,UNKNOWN_DISCOVERY,,A13-only capability,KEEP,preserve existing behavior,NO,MECHANICAL_DISCOVERY:A13 key absent in A14 actionable inventory
system,,,,A13_UI_system_nodarkforce,system_nodarkforce,ACTIONABLE_FEATURE,A13_ONLY_KEEP,A13_COMPAT_VARIANT,YES,NO,LOW,P3,,NO,UNKNOWN_DISCOVERY,UNKNOWN_DISCOVERY,UNKNOWN_DISCOVERY,,A13-only capability,KEEP,preserve existing behavior,NO,MECHANICAL_DISCOVERY:A13 key absent in A14 actionable inventory
system_hideicons,,,,A13_UI_system_nonetspeedseparator,system_nonetspeedseparator,ACTIONABLE_FEATURE,A13_ONLY_KEEP,A13_COMPAT_VARIANT,YES,NO,LOW,P3,,NO,UNKNOWN_DISCOVERY,UNKNOWN_DISCOVERY,UNKNOWN_DISCOVERY,,A13-only capability,KEEP,preserve existing behavior,NO,MECHANICAL_DISCOVERY:A13 key absent in A14 actionable inventory
system_noscreenlock,,,,A13_UI_system_noscreenlock_nofaceunlock,system_noscreenlock_nofaceunlock,ACTIONABLE_FEATURE,A13_ONLY_KEEP,A13_COMPAT_VARIANT,YES,NO,LOW,P3,,NO,UNKNOWN_DISCOVERY,UNKNOWN_DISCOVERY,UNKNOWN_DISCOVERY,,A13-only capability,KEEP,preserve existing behavior,NO,MECHANICAL_DISCOVERY:A13 key absent in A14 actionable inventory
system,,,,A13_UI_system_qqsgridcolumns,system_qqsgridcolumns,SUBOPTION,A13_ONLY_KEEP,A13_COMPAT_VARIANT,YES,NO,LOW,P3,,NO,UNKNOWN_DISCOVERY,UNKNOWN_DISCOVERY,UNKNOWN_DISCOVERY,,A13-only capability,KEEP,preserve existing behavior,NO,MECHANICAL_DISCOVERY:A13 key absent in A14 actionable inventory
system,,,,A13_UI_system_qsgridcolumns,system_qsgridcolumns,SUBOPTION,A13_ONLY_KEEP,A13_COMPAT_VARIANT,YES,NO,LOW,P3,,NO,UNKNOWN_DISCOVERY,UNKNOWN_DISCOVERY,UNKNOWN_DISCOVERY,,A13-only capability,KEEP,preserve existing behavior,NO,MECHANICAL_DISCOVERY:A13 key absent in A14 actionable inventory
system,,,,A13_UI_system_qsgridrows,system_qsgridrows,SUBOPTION,A13_ONLY_KEEP,A13_COMPAT_VARIANT,YES,NO,LOW,P3,,NO,UNKNOWN_DISCOVERY,UNKNOWN_DISCOVERY,UNKNOWN_DISCOVERY,,A13-only capability,KEEP,preserve existing behavior,NO,MECHANICAL_DISCOVERY:A13 key absent in A14 actionable inventory
system,,,,A13_UI_system_qsnolabels,system_qsnolabels,ACTIONABLE_FEATURE,A13_ONLY_KEEP,A13_COMPAT_VARIANT,YES,NO,LOW,P3,,NO,UNKNOWN_DISCOVERY,UNKNOWN_DISCOVERY,UNKNOWN_DISCOVERY,,A13-only capability,KEEP,preserve existing behavior,NO,MECHANICAL_DISCOVERY:A13 key absent in A14 actionable inventory
system,,,,A13_UI_system_rotateanim,system_rotateanim,SUBOPTION,A13_ONLY_KEEP,A13_COMPAT_VARIANT,YES,NO,LOW,P3,,NO,UNKNOWN_DISCOVERY,UNKNOWN_DISCOVERY,UNKNOWN_DISCOVERY,,A13-only capability,KEEP,preserve existing behavior,NO,MECHANICAL_DISCOVERY:A13 key absent in A14 actionable inventory
system,,,,A13_UI_system_screenshot_floattime,system_screenshot_floattime,SUBOPTION,A13_ONLY_KEEP,A13_COMPAT_VARIANT,YES,NO,LOW,P3,,NO,UNKNOWN_DISCOVERY,UNKNOWN_DISCOVERY,UNKNOWN_DISCOVERY,,A13-only capability,KEEP,preserve existing behavior,NO,MECHANICAL_DISCOVERY:A13 key absent in A14 actionable inventory
system,,,,A13_UI_system_securecontrolcenter,system_securecontrolcenter,ACTIONABLE_FEATURE,A13_ONLY_KEEP,A13_COMPAT_VARIANT,YES,NO,LOW,P3,,NO,UNKNOWN_DISCOVERY,UNKNOWN_DISCOVERY,UNKNOWN_DISCOVERY,,A13-only capability,KEEP,preserve existing behavior,NO,MECHANICAL_DISCOVERY:A13 key absent in A14 actionable inventory
system_secureqs,,,,A13_UI_system_secureqs_edit,system_secureqs_edit,ACTIONABLE_FEATURE,A13_ONLY_KEEP,A13_COMPAT_VARIANT,YES,NO,LOW,P3,,NO,UNKNOWN_DISCOVERY,UNKNOWN_DISCOVERY,UNKNOWN_DISCOVERY,,A13-only capability,KEEP,preserve existing behavior,NO,MECHANICAL_DISCOVERY:A13 key absent in A14 actionable inventory
system,,,,A13_UI_system_separatevolume,system_separatevolume,ACTIONABLE_FEATURE,A13_ONLY_KEEP,A13_COMPAT_VARIANT,YES,NO,LOW,P3,,NO,UNKNOWN_DISCOVERY,UNKNOWN_DISCOVERY,UNKNOWN_DISCOVERY,,A13-only capability,KEEP,preserve existing behavior,NO,MECHANICAL_DISCOVERY:A13 key absent in A14 actionable inventory
system,,,,A13_UI_system_separatevolume_slider,system_separatevolume_slider,ACTIONABLE_FEATURE,A13_ONLY_KEEP,A13_COMPAT_VARIANT,YES,NO,LOW,P3,,NO,UNKNOWN_DISCOVERY,UNKNOWN_DISCOVERY,UNKNOWN_DISCOVERY,,A13-only capability,KEEP,preserve existing behavior,NO,MECHANICAL_DISCOVERY:A13 key absent in A14 actionable inventory
system_statusbar_righticons,,,,A13_UI_system_statusbar_dnd_atright,system_statusbar_dnd_atright,ACTIONABLE_FEATURE,A13_ONLY_KEEP,A13_COMPAT_VARIANT,YES,NO,LOW,P3,,NO,UNKNOWN_DISCOVERY,UNKNOWN_DISCOVERY,UNKNOWN_DISCOVERY,,A13-only capability,KEEP,preserve existing behavior,NO,MECHANICAL_DISCOVERY:A13 key absent in A14 actionable inventory
system_statusbar_righticons,,,,A13_UI_system_statusbar_netspeed_atright,system_statusbar_netspeed_atright,ACTIONABLE_FEATURE,A13_ONLY_KEEP,A13_COMPAT_VARIANT,YES,NO,LOW,P3,,NO,UNKNOWN_DISCOVERY,UNKNOWN_DISCOVERY,UNKNOWN_DISCOVERY,,A13-only capability,KEEP,preserve existing behavior,NO,MECHANICAL_DISCOVERY:A13 key absent in A14 actionable inventory
system_statusbar_righticons,,,,A13_UI_system_statusbar_sound_atright,system_statusbar_sound_atright,ACTIONABLE_FEATURE,A13_ONLY_KEEP,A13_COMPAT_VARIANT,YES,NO,LOW,P3,,NO,UNKNOWN_DISCOVERY,UNKNOWN_DISCOVERY,UNKNOWN_DISCOVERY,,A13-only capability,KEEP,preserve existing behavior,NO,MECHANICAL_DISCOVERY:A13 key absent in A14 actionable inventory
system_hideicons,,,,A13_UI_system_statusbaricons_bluetooth,system_statusbaricons_bluetooth,SUBOPTION,A13_ONLY_KEEP,A13_COMPAT_VARIANT,YES,NO,LOW,P3,,NO,UNKNOWN_DISCOVERY,UNKNOWN_DISCOVERY,UNKNOWN_DISCOVERY,,A13-only capability,KEEP,preserve existing behavior,NO,MECHANICAL_DISCOVERY:A13 key absent in A14 actionable inventory
system,,,,A13_UI_system_volumesteps,system_volumesteps,SUBOPTION,A13_ONLY_KEEP,A13_COMPAT_VARIANT,YES,NO,LOW,P3,,NO,UNKNOWN_DISCOVERY,UNKNOWN_DISCOVERY,UNKNOWN_DISCOVERY,,A13-only capability,KEEP,preserve existing behavior,NO,MECHANICAL_DISCOVERY:A13 key absent in A14 actionable inventory
various,,,,A13_UI_various_clipboard_defaultaction,various_clipboard_defaultaction,SUBOPTION,A13_ONLY_KEEP,A13_COMPAT_VARIANT,YES,NO,LOW,P3,,NO,UNKNOWN_DISCOVERY,UNKNOWN_DISCOVERY,UNKNOWN_DISCOVERY,,A13-only capability,KEEP,preserve existing behavior,NO,MECHANICAL_DISCOVERY:A13 key absent in A14 actionable inventory
various,,,,A13_UI_various_enable_sc_ai_clipboard_location,various_enable_sc_ai_clipboard_location,ACTIONABLE_FEATURE,A13_ONLY_KEEP,A13_COMPAT_VARIANT,YES,NO,LOW,P3,,NO,UNKNOWN_DISCOVERY,UNKNOWN_DISCOVERY,UNKNOWN_DISCOVERY,,A13-only capability,KEEP,preserve existing behavior,NO,MECHANICAL_DISCOVERY:A13 key absent in A14 actionable inventory
system,dynamic_island,Dynamic Island,dynamic_island,,,ACTIONABLE_FEATURE,INTENTIONAL_EXCLUDED,A14_NEW_FEATURE,NO,YES,LOW,P3,,YES,UNKNOWN_DISCOVERY,UNKNOWN_DISCOVERY,UNKNOWN_DISCOVERY,explicit product policy,excluded,PORT=NO,n/a,NO,SEMANTICALLY_VERIFIED:product exclusion policy
